data,hora,valor_atual_m3,consumo_ciclo_m3,percentual_minimo,dias_decorridos,dias_restantes,dias_total,media_diaria_m3,projecao_m3,percentual_projecao,custo_atual_reais,custo_projecao_reais,consumo_minimo_m3,leitura_inicial_m3,data_leitura_inicial,data_proxima_leitura,ultrapassou_minimo,status
01/04/2026,08:00,5914.30,1109.20,51.4,14,17,31,79.23,2456.1,113.7,32029.78,39152.03,2160.0,4805.1,2026-03-18,2026-04-18,False,leitura_ok
02/04/2026,08:00,5992.87,1187.77,55.0,15,16,31,79.18,2454.6,113.6,32029.78,39152.03,2160.0,4805.1,2026-03-18,2026-04-18,False,leitura_ok
03/04/2026,08:00,6109.76,1304.66,60.4,16,15,31,81.54,2527.7,117.0,32029.78,40699.51,2160.0,4805.1,2026-03-18,2026-04-18,False,leitura_ok
04/04/2026,08:55,6145.23,1340.13,62.0,17,14,31,78.83,2443.73,113.1,32029.78,41285.9,2160.0,4805.1,2026-03-18,2026-04-18,False,leitura_ok
05/04/2026,08:56,6226.18,1421.08,65.8,18,13,31,78.95,2447.45,113.3,32029.78,41407.26,2160.0,4805.1,2026-03-18,2026-04-18,False,leitura_ok
06/04/2026,11:16,6318.38,1513.28,70.1,19,12,31,79.65,2469.15,114.3,32029.78,42115.18,2160.0,4805.1,2026-03-18,2026-04-18,False,leitura_ok
07/04/2026,11:58,6409.97,1604.87,74.3,20,11,31,80.24,2487.44,115.2,32029.78,42711.85,2160.0,4805.1,2026-03-18,2026-04-18,False,leitura_ok
08/04/2026,11:59,6489.39,1684.29,78.0,21,10,31,80.2,2486.2,115.1,32029.78,42671.4,2160.0,4805.1,2026-03-18,2026-04-18,False,leitura_ok
09/04/2026,13:07,6562.77,1757.67,81.4,22,9,31,79.89,2476.59,114.7,32029.78,42357.89,2160.0,4805.1,2026-03-18,2026-04-18,False,leitura_ok
10/04/2026,11:35,6625.0,1819.9,84.3,23,8,31,79.13,2453.03,113.6,32029.78,41589.29,2160.0,4805.1,2026-03-18,2026-04-18,False,leitura_ok
11/04/2026,08:57,6685.6,1880.5,87.1,24,7,31,78.35,2428.85,112.4,32029.78,40800.47,2160.0,4805.1,2026-03-18,2026-04-18,False,leitura_ok
12/04/2026,09:01,6750.75,1945.65,90.1,25,6,31,77.83,2412.73,111.7,32029.78,40274.59,2160.0,4805.1,2026-03-18,2026-04-18,False,leitura_ok
13/04/2026,13:00,6832.74,2027.64,93.9,26,5,31,77.99,2417.69,111.9,32029.78,40436.4,2160.0,4805.1,2026-03-18,2026-04-18,False,leitura_ok
14/04/2026,12:51,6900.33,2095.23,97.0,27,4,31,77.6,2405.6,111.4,32029.78,40041.98,2160.0,4805.1,2026-03-18,2026-04-18,False,leitura_ok
15/04/2026,18:39,6982.53,2177.43,100.8,0,30,30,0,0,0.0,32598.39,32029.78,2160.0,4805.1,2026-04-15,2026-05-15,True,leitura_ok
16/04/2026,18:29,7047.43,64.9,3.0,1,29,30,64.9,1947.0,90.1,32029.78,32029.78,2160.0,6982.53,2026-04-15,2026-05-15,False,leitura_ok
17/04/2026,15:43,7110.17,159.08,7.4,2,28,30,79.54,2386.2,110.5,32029.78,39409.1,2160.0,6951.09,2026-04-15,2026-05-15,False,leitura_ok
17/04/2026,16:03,7111.44,128.91,6.0,2,28,30,64.45,1933.5,89.5,27959.04,27959.04,2160.0,6982.53,2026-04-15,2026-05-15,False,leitura_ok
17/04/2026,16:06,7111.44,160.35,7.4,2,28,30,80.17,2405.1,111.3,27959.04,40025.67,2160.0,6951.09,2026-04-15,2026-05-15,False,leitura_ok
17/04/2026,16:11,7111.75,160.66,7.4,2,28,30,80.33,2409.9,111.6,27959.04,40182.26,2160.0,6951.09,2026-04-15,2026-05-15,False,leitura_ok
17/04/2026,16:17,7112.05,160.96,7.5,2,28,30,80.48,2414.4,111.8,27959.04,40329.07,2160.0,6951.09,2026-04-15,2026-05-15,False,leitura_ok
17/04/2026,16:21,7112.41,161.32,7.5,2,28,30,80.66,2419.8,112.0,27959.04,40505.23,2160.0,6951.09,2026-04-15,2026-05-15,False,leitura_ok
17/04/2026,16:27,7112.7,161.61,7.5,2,28,30,80.81,2424.3,112.2,27959.04,40652.03,2160.0,6951.09,2026-04-15,2026-05-15,False,leitura_ok
17/04/2026,18:27,7119.19,168.1,7.8,2,28,30,84.05,2521.5,116.7,27959.04,43822.99,2160.0,6951.09,2026-04-15,2026-05-15,False,leitura_ok
18/04/2026,02:26,7148.46,197.37,9.1,3,27,30,65.79,1973.7,91.4,27959.04,27959.04,2160.0,6951.09,2026-04-15,2026-05-15,False,leitura_ok
18/04/2026,04:46,7151.07,199.98,9.3,3,27,30,66.66,1999.8,92.6,27959.04,27959.04,2160.0,6951.09,2026-04-15,2026-05-15,False,leitura_ok
18/04/2026,07:09,7153.9,202.81,9.4,3,27,30,67.6,2028.0,93.9,27959.04,27959.04,2160.0,6951.09,2026-04-15,2026-05-15,False,leitura_ok
18/04/2026,09:02,7157.46,206.37,9.6,3,27,30,68.79,2063.7,95.5,27959.04,27959.04,2160.0,6951.09,2026-04-15,2026-05-15,False,leitura_ok
18/04/2026,14:04,7170.9,219.81,10.2,3,27,30,73.27,2198.1,101.8,27959.04,33272.71,2160.0,6951.09,2026-04-15,2026-05-15,False,leitura_ok
18/04/2026,17:05,7182.38,231.29,10.7,3,27,30,77.1,2313.0,107.1,27959.04,37021.1,2160.0,6951.09,2026-04-15,2026-05-15,False,leitura_ok
18/04/2026,21:05,7198.02,246.93,11.4,3,27,30,82.31,2469.3,114.3,27959.04,42120.07,2160.0,6951.09,2026-04-15,2026-05-15,False,leitura_ok
19/04/2026,04:58,7215.36,264.27,12.2,4,26,30,66.07,1982.1,91.8,27959.04,27959.04,2160.0,6951.09,2026-04-15,2026-05-15,False,leitura_ok
19/04/2026,07:10,7218.84,267.75,12.4,4,26,30,66.94,2008.2,93.0,27959.04,27959.04,2160.0,6951.09,2026-04-15,2026-05-15,False,leitura_ok
19/04/2026,09:02,7222.68,271.59,12.6,4,26,30,67.9,2037.0,94.3,27959.04,27959.04,2160.0,6951.09,2026-04-15,2026-05-15,False,leitura_ok
19/04/2026,14:04,7239.81,288.72,13.4,4,26,30,72.18,2165.4,100.2,27959.04,32205.94,2160.0,6951.09,2026-04-15,2026-05-15,False,leitura_ok
19/04/2026,17:06,7252.89,301.8,14.0,4,26,30,75.45,2263.5,104.8,27959.04,35406.26,2160.0,6951.09,2026-04-15,2026-05-15,False,leitura_ok
20/04/2026,03:34,7282.91,331.82,15.4,5,25,30,66.36,1990.8,92.2,27959.04,27959.04,2160.0,6951.09,2026-04-15,2026-05-15,False,leitura_ok
20/04/2026,07:22,7286.61,335.52,15.5,5,25,30,67.1,2013.0,93.2,27959.04,27959.04,2160.0,6951.09,2026-04-15,2026-05-15,False,leitura_ok
20/04/2026,08:58,7289.67,338.58,15.7,5,25,30,67.72,2031.6,94.1,27959.04,27959.04,2160.0,6951.09,2026-04-15,2026-05-15,False,leitura_ok
20/04/2026,12:54,7304.7,353.61,16.4,5,25,30,70.72,2121.6,98.2,27959.04,27959.04,2160.0,6951.09,2026-04-15,2026-05-15,False,leitura_ok
20/04/2026,15:10,7312.42,361.33,16.7,5,25,30,72.27,2168.1,100.4,27959.04,32294.02,2160.0,6951.09,2026-04-15,2026-05-15,False,leitura_ok
20/04/2026,18:34,7324.43,373.34,17.3,5,25,30,74.67,2240.1,103.7,27959.04,34642.88,2160.0,6951.09,2026-04-15,2026-05-15,False,leitura_ok
21/04/2026,03:16,7351.07,399.98,18.5,6,24,30,66.66,1999.8,92.6,27959.04,27959.04,2160.0,6951.09,2026-04-15,2026-05-15,False,leitura_ok
21/04/2026,06:14,7354.76,403.67,18.7,6,24,30,67.28,2018.4,93.4,27959.04,27959.04,2160.0,6951.09,2026-04-15,2026-05-15,False,leitura_ok
21/04/2026,08:44,7358.07,406.98,18.8,6,24,30,67.83,2034.9,94.2,27959.04,27959.04,2160.0,6951.09,2026-04-15,2026-05-15,False,leitura_ok
21/04/2026,12:54,7370.49,419.4,19.4,6,24,30,69.9,2097.0,97.1,27959.04,27959.04,2160.0,6951.09,2026-04-15,2026-05-15,False,leitura_ok
21/04/2026,15:15,7380.36,429.27,19.9,6,24,30,71.55,2146.5,99.4,27959.04,27959.04,2160.0,6951.09,2026-04-15,2026-05-15,False,leitura_ok
21/04/2026,18:33,7392.87,441.78,20.5,6,24,30,73.63,2208.9,102.3,27959.04,33625.04,2160.0,6951.09,2026-04-15,2026-05-15,False,leitura_ok
22/04/2026,03:14,7424.25,473.16,21.9,7,23,30,67.59,2027.7,93.9,27959.04,27959.04,2160.0,6951.09,2026-04-15,2026-05-15,False,leitura_ok
22/04/2026,06:07,7426.64,475.55,22.0,7,23,30,67.94,2038.2,94.4,27959.04,27959.04,2160.0,6951.09,2026-04-15,2026-05-15,False,leitura_ok
22/04/2026,08:42,7432.13,481.04,22.3,7,23,30,68.72,2061.6,95.4,27959.04,27959.04,2160.0,6951.09,2026-04-15,2026-05-15,False,leitura_ok
22/04/2026,12:52,7444.08,492.99,22.8,7,23,30,70.43,2112.9,97.8,27959.04,27959.04,2160.0,6951.09,2026-04-15,2026-05-15,False,leitura_ok
22/04/2026,15:16,7451.59,500.5,23.2,7,23,30,71.5,2145.0,99.3,27959.04,27959.04,2160.0,6951.09,2026-04-15,2026-05-15,False,leitura_ok
22/04/2026,19:03,7465.42,514.33,23.8,7,23,30,73.48,2204.4,102.1,27959.04,33478.24,2160.0,6951.09,2026-04-15,2026-05-15,False,leitura_ok
23/04/2026,03:21,7495.44,544.35,25.2,8,22,30,68.04,2041.2,94.5,27959.04,27959.04,2160.0,6951.09,2026-04-15,2026-05-15,False,leitura_ok
23/04/2026,06:15,7497.4,546.31,25.3,8,22,30,68.29,2048.7,94.8,27959.04,27959.04,2160.0,6951.09,2026-04-15,2026-05-15,False,leitura_ok
23/04/2026,08:44,7502.82,551.73,25.5,8,22,30,68.97,2069.1,95.8,27959.04,27959.04,2160.0,6951.09,2026-04-15,2026-05-15,False,leitura_ok
23/04/2026,13:53,7520.75,569.66,26.4,8,22,30,71.21,2136.3,98.9,27959.04,27959.04,2160.0,6951.09,2026-04-15,2026-05-15,False,leitura_ok
23/04/2026,15:44,7527.32,576.23,26.7,8,22,30,72.03,2160.9,100.0,27959.04,32059.14,2160.0,6951.09,2026-04-15,2026-05-15,False,leitura_ok
23/04/2026,18:33,7537.81,586.72,27.2,8,22,30,73.34,2200.2,101.9,27959.04,33341.22,2160.0,6951.09,2026-04-15,2026-05-15,False,leitura_ok
24/04/2026,03:24,7563.22,612.13,28.3,9,21,30,68.01,2040.3,94.5,27959.04,27959.04,2160.0,6951.09,2026-04-15,2026-05-15,False,leitura_ok
24/04/2026,06:58,7567.88,616.79,28.6,9,21,30,68.53,2055.9,95.2,27959.04,27959.04,2160.0,6951.09,2026-04-15,2026-05-15,False,leitura_ok
24/04/2026,08:44,7571.77,620.68,28.7,9,21,30,68.96,2068.8,95.8,27959.04,27959.04,2160.0,6951.09,2026-04-15,2026-05-15,False,leitura_ok
24/04/2026,11:58,7580.85,629.76,29.2,9,21,30,69.97,2099.1,97.2,27959.04,27959.04,2160.0,6951.09,2026-04-15,2026-05-15,False,leitura_ok
24/04/2026,14:56,7590.96,639.87,29.6,9,21,30,71.1,2133.0,98.8,27959.04,27959.04,2160.0,6951.09,2026-04-15,2026-05-15,False,leitura_ok
24/04/2026,18:34,7601.93,650.84,30.1,9,21,30,72.32,2169.6,100.4,27959.04,32342.96,2160.0,6951.09,2026-04-15,2026-05-15,False,leitura_ok
25/04/2026,02:32,7633.69,682.6,31.6,10,20,30,68.26,2047.8,94.8,27959.04,27959.04,2160.0,6951.09,2026-04-15,2026-05-15,False,leitura_ok
25/04/2026,04:56,7639.04,687.95,31.8,10,20,30,68.8,2064.0,95.6,27959.04,27959.04,2160.0,6951.09,2026-04-15,2026-05-15,False,leitura_ok
25/04/2026,07:30,7640.91,689.82,31.9,10,20,30,68.98,2069.4,95.8,27959.04,27959.04,2160.0,6951.09,2026-04-15,2026-05-15,False,leitura_ok
25/04/2026,11:08,7648.68,697.59,32.3,10,20,30,69.76,2092.8,96.9,27959.04,27959.04,2160.0,6951.09,2026-04-15,2026-05-15,False,leitura_ok
25/04/2026,14:22,7661.66,710.57,32.9,10,20,30,71.06,2131.8,98.7,27959.04,27959.04,2160.0,6951.09,2026-04-15,2026-05-15,False,leitura_ok
25/04/2026,18:01,7673.84,722.75,33.5,10,20,30,72.28,2168.4,100.4,27959.04,32303.81,2160.0,6951.09,2026-04-15,2026-05-15,False,leitura_ok
26/04/2026,03:22,7703.77,752.68,34.8,11,19,30,68.43,2052.9,95.0,27959.04,27959.04,2160.0,6951.09,2026-04-15,2026-05-15,False,leitura_ok
26/04/2026,05:41,7706.16,755.07,35.0,11,19,30,68.64,2059.2,95.3,27959.04,27959.04,2160.0,6951.09,2026-04-15,2026-05-15,False,leitura_ok
26/04/2026,07:32,7707.07,755.98,35.0,11,19,30,68.73,2061.9,95.5,27959.04,27959.04,2160.0,6951.09,2026-04-15,2026-05-15,False,leitura_ok
26/04/2026,11:10,7716.65,765.56,35.4,11,19,30,69.6,2088.0,96.7,27959.04,27959.04,2160.0,6951.09,2026-04-15,2026-05-15,False,leitura_ok
26/04/2026,14:24,7728.7,777.61,36.0,11,19,30,70.69,2120.7,98.2,27959.04,27959.04,2160.0,6951.09,2026-04-15,2026-05-15,False,leitura_ok
26/04/2026,18:01,7742.88,791.79,36.7,11,19,30,71.98,2159.4,100.0,27959.04,27959.04,2160.0,6951.09,2026-04-15,2026-05-15,False,leitura_ok
27/04/2026,04:44,7776.5,825.41,38.2,12,18,30,68.78,2063.4,95.5,27959.04,27959.04,2160.0,6951.09,2026-04-15,2026-05-15,False,leitura_ok
27/04/2026,08:21,7783.78,832.69,38.6,12,18,30,69.39,2081.7,96.4,27959.04,27959.04,2160.0,6951.09,2026-04-15,2026-05-15,False,leitura_ok
27/04/2026,10:09,7790.84,839.75,38.9,12,18,30,69.98,2099.4,97.2,27959.04,27959.04,2160.0,6951.09,2026-04-15,2026-05-15,False,leitura_ok
27/04/2026,13:14,7801.92,850.83,39.4,12,18,30,70.9,2127.0,98.5,27959.04,27959.04,2160.0,6951.09,2026-04-15,2026-05-15,False,leitura_ok
27/04/2026,16:55,7813.88,862.79,39.9,12,18,30,71.9,2157.0,99.9,27959.04,27959.04,2160.0,6951.09,2026-04-15,2026-05-15,False,leitura_ok
27/04/2026,19:07,7820.43,869.34,40.2,12,18,30,72.45,2173.5,100.6,27959.04,32470.19,2160.0,6951.09,2026-04-15,2026-05-15,False,leitura_ok
28/04/2026,04:43,7849.81,898.72,41.6,13,17,30,69.13,2073.9,96.0,27959.04,27959.04,2160.0,6951.09,2026-04-15,2026-05-15,False,leitura_ok
28/04/2026,08:20,7856.8,905.71,41.9,13,17,30,69.67,2090.1,96.8,27959.04,27959.04,2160.0,6951.09,2026-04-15,2026-05-15,False,leitura_ok
28/04/2026,13:18,7872.28,921.19,42.6,13,17,30,70.86,2125.8,98.4,27959.04,27959.04,2160.0,6951.09,2026-04-15,2026-05-15,False,leitura_ok
28/04/2026,14:13,7876.4,925.31,42.8,13,17,30,71.18,2135.4,98.9,27959.04,27959.04,2160.0,6951.09,2026-04-15,2026-05-15,False,leitura_ok
28/04/2026,17:05,7885.6,934.51,43.3,13,17,30,71.89,2156.7,99.8,27959.04,27959.04,2160.0,6951.09,2026-04-15,2026-05-15,False,leitura_ok
29/04/2026,10:10,7932.32,981.23,45.4,14,16,30,70.09,2102.7,97.3,27959.04,27959.04,2160.0,6951.09,2026-04-15,2026-05-15,False,leitura_ok
29/04/2026,13:56,7942.19,991.1,45.9,14,16,30,70.79,2123.7,98.3,27959.04,27959.04,2160.0,6951.09,2026-04-15,2026-05-15,False,leitura_ok
29/04/2026,17:02,7953.27,1002.18,46.4,14,16,30,71.58,2147.4,99.4,27959.04,27959.04,2160.0,6951.09,2026-04-15,2026-05-15,False,leitura_ok
29/04/2026,19:11,7960.15,1009.06,46.7,14,16,30,72.08,2162.4,100.1,27959.04,32108.07,2160.0,6951.09,2026-04-15,2026-05-15,False,leitura_ok
29/04/2026,19:12,7960.15,1009.06,46.7,14,16,30,72.08,2162.4,100.1,27959.04,32108.07,2160.0,6951.09,2026-04-15,2026-05-15,False,leitura_ok
29/04/2026,19:20,7960.77,1009.68,46.7,14,16,30,72.12,2163.6,100.2,27959.04,32147.22,2160.0,6951.09,2026-04-15,2026-05-15,False,leitura_ok
29/04/2026,19:30,7961.47,978.94,45.3,14,16,30,67.61,2028.3,93.9,27959.04,27959.04,2160.0,6982.53,2026-04-15,2026-05-15,False,leitura_ok
29/04/2026,19:39,7961.83,979.3,45.3,14,16,30,67.61,2028.3,93.9,27959.04,27959.04,2160.0,6982.53,2026-04-15,2026-05-15,False,leitura_ok
29/04/2026,19:48,7962.56,1011.47,46.8,14,16,30,69.79,2093.7,96.9,27959.04,27959.04,2160.0,6951.09,2026-04-15,2026-05-15,False,leitura_ok
30/04/2026,04:40,7993.65,1042.56,48.3,14,15,30,70.15,2104.5,97.4,27959.04,27959.04,2160.0,6951.09,2026-04-15,2026-05-15,False,leitura_ok
30/04/2026,07:29,7996.89,1045.8,48.4,14,15,30,69.82,2094.6,97.0,27959.04,27959.04,2160.0,6951.09,2026-04-15,2026-05-15,False,leitura_ok
30/04/2026,10:09,8004.76,1053.67,48.8,15,15,30,69.83,2094.9,97.0,27959.04,27959.04,2160.0,6951.09,2026-04-15,2026-05-15,False,leitura_ok
30/04/2026,13:09,8014.11,1063.02,49.2,15,15,30,69.87,2096.1,97.0,27959.04,27959.04,2160.0,6951.09,2026-04-15,2026-05-15,False,leitura_ok
30/04/2026,17:00,8027.28,1076.19,49.8,15,15,30,69.99,2099.7,97.2,27959.04,27959.04,2160.0,6951.09,2026-04-15,2026-05-15,False,leitura_ok
30/04/2026,19:12,8034.52,1083.43,50.2,15,15,30,70.05,2101.5,97.3,27959.04,27959.04,2160.0,6951.09,2026-04-15,2026-05-15,False,leitura_ok
01/05/2026,04:39,8064.59,1113.5,51.6,15,14,30,70.2,2106.0,97.5,27959.04,27959.04,2160.0,6951.09,2026-04-15,2026-05-15,False,leitura_ok
01/05/2026,07:00,8066.36,1115.27,51.6,15,14,30,69.89,2096.7,97.1,27959.04,27959.04,2160.0,6951.09,2026-04-15,2026-05-15,False,leitura_ok
01/05/2026,08:42,8068.21,1117.12,51.7,16,14,30,69.69,2090.7,96.8,27959.04,27959.04,2160.0,6951.09,2026-04-15,2026-05-15,False,leitura_ok
01/05/2026,11:39,8076.83,1125.74,52.1,16,14,30,69.69,2090.7,96.8,27959.04,27959.04,2160.0,6951.09,2026-04-15,2026-05-15,False,leitura_ok
01/05/2026,15:15,8090.25,1139.16,52.7,16,14,30,69.88,2096.4,97.1,27959.04,27959.04,2160.0,6951.09,2026-04-15,2026-05-15,False,leitura_ok
01/05/2026,18:39,8102.45,1151.36,53.3,16,14,30,70.02,2100.6,97.2,27959.04,27959.04,2160.0,6951.09,2026-04-15,2026-05-15,False,leitura_ok
01/05/2026,20:53,8110.82,1159.73,53.7,16,14,30,70.13,2103.9,97.4,27959.04,27959.04,2160.0,6951.09,2026-04-15,2026-05-15,False,leitura_ok
02/05/2026,03:12,8130.93,1179.84,54.6,16,13,30,70.23,2106.9,97.5,27959.04,27959.04,2160.0,6951.09,2026-04-15,2026-05-15,False,leitura_ok
02/05/2026,06:11,8134.33,1183.24,54.8,16,13,30,69.91,2097.3,97.1,27959.04,27959.04,2160.0,6951.09,2026-04-15,2026-05-15,False,leitura_ok
02/05/2026,08:40,8136.77,1185.68,54.9,17,13,30,69.63,2088.9,96.7,27959.04,27959.04,2160.0,6951.09,2026-04-15,2026-05-15,False,leitura_ok
02/05/2026,12:48,8148.2,1197.11,55.4,17,13,30,69.6,2088.0,96.7,27959.04,27959.04,2160.0,6951.09,2026-04-15,2026-05-15,False,leitura_ok
02/05/2026,16:53,8164.03,1212.94,56.2,17,13,30,69.83,2094.9,97.0,27959.04,27959.04,2160.0,6951.09,2026-04-15,2026-05-15,False,leitura_ok
02/05/2026,20:44,8176.51,1225.42,56.7,17,13,30,69.9,2097.0,97.1,27959.04,27959.04,2160.0,6951.09,2026-04-15,2026-05-15,False,leitura_ok
03/05/2026,03:31,8196.1,1245.01,57.6,17,12,30,69.89,2096.7,97.1,27959.04,27959.04,2160.0,6951.09,2026-04-15,2026-05-15,False,leitura_ok
03/05/2026,06:24,8200.46,1249.37,57.8,17,12,30,69.67,2090.1,96.8,27959.04,27959.04,2160.0,6951.09,2026-04-15,2026-05-15,False,leitura_ok
03/05/2026,08:38,8201.42,1250.33,57.9,18,12,30,69.36,2080.8,96.3,27959.04,27959.04,2160.0,6951.09,2026-04-15,2026-05-15,False,leitura_ok
03/05/2026,12:49,8211.4,1260.31,58.3,18,12,30,69.24,2077.2,96.2,27959.04,27959.04,2160.0,6951.09,2026-04-15,2026-05-15,False,leitura_ok
03/05/2026,16:53,8224.45,1273.36,59.0,18,12,30,69.32,2079.6,96.3,27959.04,27959.04,2160.0,6951.09,2026-04-15,2026-05-15,False,leitura_ok
03/05/2026,20:48,8239.15,1288.06,59.6,18,12,30,69.5,2085.0,96.5,27959.04,27959.04,2160.0,6951.09,2026-04-15,2026-05-15,False,leitura_ok
04/05/2026,03:45,8258.58,1307.49,60.5,18,11,30,69.46,2083.8,96.5,27959.04,27959.04,2160.0,6951.09,2026-04-15,2026-05-15,False,leitura_ok
04/05/2026,07:17,8262.33,1311.24,60.7,18,11,30,69.12,2073.6,96.0,27959.04,27959.04,2160.0,6951.09,2026-04-15,2026-05-15,False,leitura_ok
04/05/2026,09:18,8268.35,1317.26,61.0,19,11,30,69.13,2073.9,96.0,27959.04,27959.04,2160.0,6951.09,2026-04-15,2026-05-15,False,leitura_ok
04/05/2026,13:46,8283.34,1332.25,61.7,19,11,30,69.24,2077.2,96.2,27959.04,27959.04,2160.0,6951.09,2026-04-15,2026-05-15,False,leitura_ok
04/05/2026,17:12,8294.61,1343.52,62.2,19,11,30,69.31,2079.3,96.3,27959.04,27959.04,2160.0,6951.09,2026-04-15,2026-05-15,False,leitura_ok
04/05/2026,20:54,8305.29,1354.2,62.7,19,11,30,69.31,2079.3,96.3,27959.04,27959.04,2160.0,6951.09,2026-04-15,2026-05-15,False,leitura_ok
05/05/2026,03:22,8328.03,1376.94,63.7,19,10,30,69.52,2085.6,96.6,27959.04,27959.04,2160.0,6951.09,2026-04-15,2026-05-15,False,leitura_ok
05/05/2026,07:06,8334.04,1382.95,64.0,19,10,30,69.28,2078.4,96.2,27959.04,27959.04,2160.0,6951.09,2026-04-15,2026-05-15,False,leitura_ok
05/05/2026,08:57,8338.96,1387.87,64.3,20,10,30,69.26,2077.8,96.2,27959.04,27959.04,2160.0,6951.09,2026-04-15,2026-05-15,False,leitura_ok
05/05/2026,13:25,8352.5,1401.41,64.9,20,10,30,69.29,2078.7,96.2,27959.04,27959.04,2160.0,6951.09,2026-04-15,2026-05-15,False,leitura_ok
05/05/2026,17:05,8365.19,1414.1,65.5,20,10,30,69.39,2081.7,96.4,27959.04,27959.04,2160.0,6951.09,2026-04-15,2026-05-15,False,leitura_ok
05/05/2026,20:49,8376.52,1425.43,66.0,20,10,30,69.42,2082.6,96.4,27959.04,27959.04,2160.0,6951.09,2026-04-15,2026-05-15,False,leitura_ok
06/05/2026,03:35,8399.59,1448.5,67.1,20,9,30,69.59,2087.7,96.7,27959.04,27959.04,2160.0,6951.09,2026-04-15,2026-05-15,False,leitura_ok
06/05/2026,07:22,8404.37,1453.28,67.3,20,9,30,69.29,2078.7,96.2,27959.04,27959.04,2160.0,6951.09,2026-04-15,2026-05-15,False,leitura_ok
06/05/2026,09:25,8406.69,1455.6,67.4,21,9,30,69.12,2073.6,96.0,27959.04,27959.04,2160.0,6951.09,2026-04-15,2026-05-15,False,leitura_ok
06/05/2026,13:28,8418.41,1467.32,67.9,21,9,30,69.12,2073.6,96.0,27959.04,27959.04,2160.0,6951.09,2026-04-15,2026-05-15,False,leitura_ok
06/05/2026,17:19,8433.39,1482.3,68.6,21,9,30,69.3,2079.0,96.2,27959.04,27959.04,2160.0,6951.09,2026-04-15,2026-05-15,False,leitura_ok
06/05/2026,20:52,8447.63,1496.54,69.3,21,9,30,69.49,2084.7,96.5,27959.04,27959.04,2160.0,6951.09,2026-04-15,2026-05-15,False,leitura_ok
07/05/2026,03:42,8467.65,1516.56,70.2,21,8,30,69.5,2085.0,96.5,27959.04,27959.04,2160.0,6951.09,2026-04-15,2026-05-15,False,leitura_ok
07/05/2026,07:28,8473.75,1522.66,70.5,21,8,30,69.28,2078.4,96.2,27959.04,27959.04,2160.0,6951.09,2026-04-15,2026-05-15,False,leitura_ok
07/05/2026,09:26,8478.81,1527.72,70.7,22,8,30,69.25,2077.5,96.2,27959.04,27959.04,2160.0,6951.09,2026-04-15,2026-05-15,False,leitura_ok
07/05/2026,13:51,8494.55,1543.46,71.5,22,8,30,69.39,2081.7,96.4,27959.04,27959.04,2160.0,6951.09,2026-04-15,2026-05-15,False,leitura_ok
07/05/2026,17:12,8504.96,1553.87,71.9,22,8,30,69.42,2082.6,96.4,27959.04,27959.04,2160.0,6951.09,2026-04-15,2026-05-15,False,leitura_ok
07/05/2026,20:53,8517.84,1566.75,72.5,22,8,30,69.52,2085.6,96.6,27959.04,27959.04,2160.0,6951.09,2026-04-15,2026-05-15,False,leitura_ok
08/05/2026,03:02,8540.96,1589.87,73.6,22,7,30,69.75,2092.5,96.9,27959.04,27959.04,2160.0,6951.09,2026-04-15,2026-05-15,False,leitura_ok
08/05/2026,06:27,8546.12,1595.03,73.8,22,7,30,69.54,2086.2,96.6,27959.04,27959.04,2160.0,6951.09,2026-04-15,2026-05-15,False,leitura_ok
08/05/2026,09:06,8554.0,1602.91,74.2,23,7,30,69.55,2086.5,96.6,27959.04,27959.04,2160.0,6951.09,2026-04-15,2026-05-15,False,leitura_ok
08/05/2026,13:14,8566.55,1615.46,74.8,23,7,30,69.58,2087.4,96.6,27959.04,27959.04,2160.0,6951.09,2026-04-15,2026-05-15,False,leitura_ok
08/05/2026,17:05,8579.41,1628.32,75.4,23,7,30,69.65,2089.5,96.7,27959.04,27959.04,2160.0,6951.09,2026-04-15,2026-05-15,False,leitura_ok
08/05/2026,20:56,8592.89,1641.8,76.0,23,7,30,69.75,2092.5,96.9,27959.04,27959.04,2160.0,6951.09,2026-04-15,2026-05-15,False,leitura_ok
09/05/2026,03:21,8617.07,1665.98,77.1,23,6,30,69.98,2099.4,97.2,27959.04,27959.04,2160.0,6951.09,2026-04-15,2026-05-15,False,leitura_ok
09/05/2026,06:23,8618.78,1667.69,77.2,23,6,30,69.68,2090.4,96.8,27959.04,27959.04,2160.0,6951.09,2026-04-15,2026-05-15,False,leitura_ok
09/05/2026,08:45,8624.82,1673.73,77.5,24,6,30,69.65,2089.5,96.7,27959.04,27959.04,2160.0,6951.09,2026-04-15,2026-05-15,False,leitura_ok
09/05/2026,12:53,8638.87,1687.78,78.1,24,6,30,69.73,2091.9,96.8,27959.04,27959.04,2160.0,6951.09,2026-04-15,2026-05-15,False,leitura_ok
09/05/2026,16:56,8654.21,1703.12,78.8,24,6,30,69.88,2096.4,97.1,27959.04,27959.04,2160.0,6951.09,2026-04-15,2026-05-15,False,leitura_ok
09/05/2026,20:50,8668.15,1717.06,79.5,24,6,30,69.98,2099.4,97.2,27959.04,27959.04,2160.0,6951.09,2026-04-15,2026-05-15,False,leitura_ok
10/05/2026,03:37,8688.61,1737.52,80.4,24,5,30,70.01,2100.3,97.2,27959.04,27959.04,2160.0,6951.09,2026-04-15,2026-05-15,False,leitura_ok
10/05/2026,06:41,8692.48,1741.39,80.6,24,5,30,69.81,2094.3,97.0,27959.04,27959.04,2160.0,6951.09,2026-04-15,2026-05-15,False,leitura_ok
10/05/2026,08:45,8695.36,1744.27,80.8,25,5,30,69.68,2090.4,96.8,27959.04,27959.04,2160.0,6951.09,2026-04-15,2026-05-15,False,leitura_ok
10/05/2026,12:55,8709.93,1758.84,81.4,25,5,30,69.78,2093.4,96.9,27959.04,27959.04,2160.0,6951.09,2026-04-15,2026-05-15,False,leitura_ok
10/05/2026,16:57,8725.17,1774.08,82.1,25,5,30,69.92,2097.6,97.1,27959.04,27959.04,2160.0,6951.09,2026-04-15,2026-05-15,False,leitura_ok
10/05/2026,20:53,8739.05,1787.96,82.8,25,5,30,70.01,2100.3,97.2,27959.04,27959.04,2160.0,6951.09,2026-04-15,2026-05-15,False,leitura_ok
11/05/2026,04:50,8756.31,1805.22,83.6,25,4,30,69.79,2093.7,96.9,27959.04,27959.04,2160.0,6951.09,2026-04-15,2026-05-15,False,leitura_ok
11/05/2026,08:28,8762.23,1811.14,83.8,26,4,30,69.61,2088.3,96.7,27959.04,27959.04,2160.0,6951.09,2026-04-15,2026-05-15,False,leitura_ok
11/05/2026,10:43,8770.05,1818.96,84.2,26,4,30,69.66,2089.8,96.8,27959.04,27959.04,2160.0,6951.09,2026-04-15,2026-05-15,False,leitura_ok
11/05/2026,14:26,8783.48,1832.39,84.8,26,4,30,69.76,2092.8,96.9,27959.04,27959.04,2160.0,6951.09,2026-04-15,2026-05-15,False,leitura_ok
11/05/2026,17:45,8791.88,1840.79,85.2,26,4,30,69.71,2091.3,96.8,27959.04,27959.04,2160.0,6951.09,2026-04-15,2026-05-15,False,leitura_ok
11/05/2026,20:59,8802.4,1851.31,85.7,26,4,30,69.75,2092.5,96.9,27959.04,27959.04,2160.0,6951.09,2026-04-15,2026-05-15,False,leitura_ok
12/05/2026,03:41,8823.74,1872.65,86.7,26,3,30,69.82,2094.6,97.0,27959.04,27959.04,2160.0,6951.09,2026-04-15,2026-05-15,False,leitura_ok
12/05/2026,07:35,8827.43,1876.34,86.9,26,3,30,69.54,2086.2,96.6,27959.04,27959.04,2160.0,6951.09,2026-04-15,2026-05-15,False,leitura_ok
12/05/2026,10:02,8834.3,1883.21,87.2,27,3,30,69.53,2085.9,96.6,27959.04,27959.04,2160.0,6951.09,2026-04-15,2026-05-15,False,leitura_ok
12/05/2026,14:12,8846.72,1895.63,87.8,27,3,30,69.54,2086.2,96.6,27959.04,27959.04,2160.0,6951.09,2026-04-15,2026-05-15,False,leitura_ok
12/05/2026,17:28,8855.84,1904.75,88.2,27,3,30,69.53,2085.9,96.6,27959.04,27959.04,2160.0,6951.09,2026-04-15,2026-05-15,False,leitura_ok
12/05/2026,20:59,8868.39,1917.3,88.8,27,3,30,69.61,2088.3,96.7,27959.04,27959.04,2160.0,6951.09,2026-04-15,2026-05-15,False,leitura_ok
13/05/2026,03:52,8889.72,1938.63,89.8,27,2,30,69.66,2089.8,96.8,27959.04,27959.04,2160.0,6951.09,2026-04-15,2026-05-15,False,leitura_ok
13/05/2026,07:33,8893.8,1942.71,89.9,27,2,30,69.43,2082.9,96.4,27959.04,27959.04,2160.0,6951.09,2026-04-15,2026-05-15,False,leitura_ok
13/05/2026,10:07,8899.51,1948.42,90.2,28,2,30,69.37,2081.1,96.3,27959.04,27959.04,2160.0,6951.09,2026-04-15,2026-05-15,False,leitura_ok
13/05/2026,14:16,8912.96,1961.87,90.8,28,2,30,69.42,2082.6,96.4,27959.04,27959.04,2160.0,6951.09,2026-04-15,2026-05-15,False,leitura_ok
13/05/2026,16:01,8920.02,25.95,1.2,0,31,31,77.63,2406.53,111.4,27959.04,40072.32,2160.0,8894.07,2026-05-13,2026-06-13,False,leitura_ok
13/05/2026,17:43,8925.47,31.4,1.5,0,31,31,77.43,2400.33,111.1,27959.04,39870.06,2160.0,8894.07,2026-05-13,2026-06-13,False,leitura_ok
13/05/2026,21:00,8937.25,43.18,2.0,0,31,31,79.71,2471.01,114.4,27959.04,42175.86,2160.0,8894.07,2026-05-13,2026-06-13,False,leitura_ok
14/05/2026,03:49,8960.2,66.13,3.1,0,30,31,80.05,2481.55,114.9,27959.04,42519.7,2160.0,8894.07,2026-05-13,2026-06-13,False,leitura_ok
14/05/2026,07:23,8963.63,69.56,3.2,0,30,31,71.39,2213.09,102.5,27959.04,33761.73,2160.0,8894.07,2026-05-13,2026-06-13,False,leitura_ok
14/05/2026,09:23,8968.72,74.65,3.5,1,30,31,70.55,2187.05,101.3,27959.04,32912.23,2160.0,8894.07,2026-05-13,2026-06-13,False,leitura_ok
14/05/2026,14:02,8984.2,90.13,4.2,1,30,31,72.01,2232.31,103.3,27959.04,34388.75,2160.0,8894.07,2026-05-13,2026-06-13,False,leitura_ok
14/05/2026,17:26,8996.48,102.41,4.7,1,30,31,73.5,2278.5,105.5,27959.04,35895.6,2160.0,8894.07,2026-05-13,2026-06-13,False,leitura_ok
14/05/2026,20:58,9007.63,113.56,5.3,1,30,31,73.7,2284.7,105.8,27959.04,36097.86,2160.0,8894.07,2026-05-13,2026-06-13,False,leitura_ok
15/05/2026,04:28,9029.13,135.06,6.3,1,29,31,72.88,2259.28,104.6,27959.04,35268.59,2160.0,8894.07,2026-05-13,2026-06-13,False,leitura_ok
15/05/2026,07:28,9035.8,141.73,6.6,1,29,31,71.65,2221.15,102.8,27959.04,34024.67,2160.0,8894.07,2026-05-13,2026-06-13,False,leitura_ok
15/05/2026,09:28,9040.55,146.48,6.8,2,29,31,71.06,2202.86,102.0,27959.04,33428.0,2160.0,8894.07,2026-05-13,2026-06-13,False,leitura_ok
15/05/2026,13:51,9048.39,154.32,7.1,2,29,31,68.76,2131.56,98.7,27959.04,27959.04,2160.0,8894.07,2026-05-13,2026-06-13,False,leitura_ok
15/05/2026,17:14,9058.42,164.35,7.6,2,29,31,68.9,2135.9,98.9,27959.04,27959.04,2160.0,8894.07,2026-05-13,2026-06-13,False,leitura_ok
15/05/2026,20:55,9074.81,180.74,8.4,2,29,31,71.2,2207.2,102.2,27959.04,33569.58,2160.0,8894.07,2026-05-13,2026-06-13,False,leitura_ok
16/05/2026,03:26,9100.53,206.46,9.6,2,28,31,73.47,2277.57,105.4,27959.04,35865.26,2160.0,8894.07,2026-05-13,2026-06-13,False,leitura_ok
16/05/2026,06:44,9103.87,209.8,9.7,2,28,31,71.18,2206.58,102.2,27959.04,33549.36,2160.0,8894.07,2026-05-13,2026-06-13,False,leitura_ok
16/05/2026,08:46,9107.15,213.08,9.9,3,28,31,70.28,2178.68,100.9,27959.04,32639.17,2160.0,8894.07,2026-05-13,2026-06-13,False,leitura_ok
16/05/2026,12:58,9121.5,227.43,10.5,3,28,31,70.9,2197.9,101.8,27959.04,33266.19,2160.0,8894.07,2026-05-13,2026-06-13,False,leitura_ok
16/05/2026,17:00,9135.89,241.82,11.2,3,28,31,71.65,2221.15,102.8,27959.04,34024.67,2160.0,8894.07,2026-05-13,2026-06-13,False,leitura_ok
16/05/2026,20:53,9151.1,257.03,11.9,3,28,31,72.66,2252.46,104.3,27959.04,35046.1,2160.0,8894.07,2026-05-13,2026-06-13,False,leitura_ok
17/05/2026,03:48,9170.71,276.64,12.8,3,27,31,72.31,2241.61,103.8,27959.04,34692.14,2160.0,8894.07,2026-05-13,2026-06-13,False,leitura_ok
17/05/2026,06:49,9174.93,280.86,13.0,3,27,31,71.08,2203.48,102.0,27959.04,33448.22,2160.0,8894.07,2026-05-13,2026-06-13,False,leitura_ok
17/05/2026,08:57,9176.13,282.06,13.1,4,27,31,69.82,2164.42,100.2,27959.04,32173.97,2160.0,8894.07,2026-05-13,2026-06-13,False,leitura_ok
17/05/2026,12:59,9189.23,295.16,13.7,4,27,31,70.15,2174.65,100.7,27959.04,32507.7,2160.0,8894.07,2026-05-13,2026-06-13,False,leitura_ok
17/05/2026,17:02,9205.16,311.09,14.4,4,27,31,71.07,2203.17,102.0,27959.04,33438.11,2160.0,8894.07,2026-05-13,2026-06-13,False,leitura_ok
17/05/2026,20:58,9219.36,325.29,15.1,4,27,31,71.64,2220.84,102.8,27959.04,34014.56,2160.0,8894.07,2026-05-13,2026-06-13,False,leitura_ok
18/05/2026,05:09,9242.38,348.31,16.1,4,26,31,71.35,2211.85,102.4,27959.04,33721.28,2160.0,8894.07,2026-05-13,2026-06-13,False,leitura_ok
18/05/2026,08:47,9249.63,355.56,16.5,5,26,31,70.64,2189.84,101.4,27959.04,33003.25,2160.0,8894.07,2026-05-13,2026-06-13,False,leitura_ok
18/05/2026,11:27,9256.43,362.36,16.8,5,26,31,70.45,2183.95,101.1,27959.04,32811.1,2160.0,8894.07,2026-05-13,2026-06-13,False,leitura_ok
18/05/2026,14:29,9266.48,372.41,17.2,5,26,31,70.66,2190.46,101.4,27959.04,33023.47,2160.0,8894.07,2026-05-13,2026-06-13,False,leitura_ok
18/05/2026,17:22,9272.92,378.85,17.5,5,26,31,70.28,2178.68,100.9,27959.04,32639.17,2160.0,8894.07,2026-05-13,2026-06-13,False,leitura_ok
18/05/2026,21:07,9285.71,391.64,18.1,5,26,31,70.6,2188.6,101.3,27959.04,32962.79,2160.0,8894.07,2026-05-13,2026-06-13,False,leitura_ok
19/05/2026,04:52,9309.8,415.73,19.2,5,25,31,70.83,2195.73,101.7,27959.04,33195.4,2160.0,8894.07,2026-05-13,2026-06-13,False,leitura_ok
19/05/2026,08:24,9315.65,421.58,19.5,6,25,31,70.07,2172.17,100.6,27959.04,32426.8,2160.0,8894.07,2026-05-13,2026-06-13,False,leitura_ok
19/05/2026,10:53,9320.67,426.6,19.8,6,25,31,69.7,2160.7,100.0,27959.04,32052.61,2160.0,8894.07,2026-05-13,2026-06-13,False,leitura_ok
19/05/2026,14:38,9331.62,437.55,20.3,6,25,31,69.71,2161.01,100.0,27959.04,32062.73,2160.0,8894.07,2026-05-13,2026-06-13,False,leitura_ok
19/05/2026,17:28,9339.44,445.37,20.6,6,25,31,69.65,2159.15,100.0,27959.04,27959.04,2160.0,8894.07,2026-05-13,2026-06-13,False,leitura_ok
19/05/2026,21:07,9351.73,457.66,21.2,6,25,31,69.9,2166.9,100.3,27959.04,32254.87,2160.0,8894.07,2026-05-13,2026-06-13,False,leitura_ok
20/05/2026,04:51,9373.58,479.51,22.2,6,24,31,69.81,2164.11,100.2,27959.04,32163.86,2160.0,8894.07,2026-05-13,2026-06-13,False,leitura_ok
20/05/2026,07:55,9377.92,483.85,22.4,6,24,31,69.15,2143.65,99.2,27959.04,27959.04,2160.0,8894.07,2026-05-13,2026-06-13,False,leitura_ok
20/05/2026,10:36,9383.6,489.53,22.7,7,24,31,68.86,2134.66,98.8,27959.04,27959.04,2160.0,8894.07,2026-05-13,2026-06-13,False,leitura_ok
20/05/2026,14:54,9396.58,502.51,23.3,7,24,31,68.95,2137.45,99.0,27959.04,27959.04,2160.0,8894.07,2026-05-13,2026-06-13,False,leitura_ok
20/05/2026,17:58,9406.16,512.09,23.7,7,24,31,69.06,2140.86,99.1,27959.04,27959.04,2160.0,8894.07,2026-05-13,2026-06-13,False,leitura_ok
20/05/2026,21:07,9417.27,523.2,24.2,7,24,31,69.32,2148.92,99.5,27959.04,27959.04,2160.0,8894.07,2026-05-13,2026-06-13,False,leitura_ok
21/05/2026,04:58,9437.79,543.72,25.2,7,23,31,69.05,2140.55,99.1,27959.04,27959.04,2160.0,8894.07,2026-05-13,2026-06-13,False,leitura_ok
21/05/2026,08:30,9445.57,551.5,25.5,8,23,31,68.76,2131.56,98.7,27959.04,27959.04,2160.0,8894.07,2026-05-13,2026-06-13,False,leitura_ok
21/05/2026,11:11,9453.34,559.27,25.9,8,23,31,68.77,2131.87,98.7,27959.04,27959.04,2160.0,8894.07,2026-05-13,2026-06-13,False,leitura_ok
21/05/2026,14:30,9464.98,570.91,26.4,8,23,31,69.02,2139.62,99.1,27959.04,27959.04,2160.0,8894.07,2026-05-13,2026-06-13,False,leitura_ok
21/05/2026,17:50,9471.45,577.38,26.7,8,23,31,68.66,2128.46,98.5,27959.04,27959.04,2160.0,8894.07,2026-05-13,2026-06-13,False,leitura_ok
21/05/2026,21:03,9484.9,590.83,27.4,8,23,31,69.15,2143.65,99.2,27959.04,27959.04,2160.0,8894.07,2026-05-13,2026-06-13,False,leitura_ok
22/05/2026,04:50,9505.31,611.24,28.3,8,22,31,68.93,2136.83,98.9,27959.04,27959.04,2160.0,8894.07,2026-05-13,2026-06-13,False,leitura_ok
22/05/2026,07:54,9508.1,614.03,28.4,8,22,31,68.26,2116.06,98.0,27959.04,27959.04,2160.0,8894.07,2026-05-13,2026-06-13,False,leitura_ok
22/05/2026,10:28,9513.5,619.43,28.7,9,22,31,68.05,2109.55,97.7,27959.04,27959.04,2160.0,8894.07,2026-05-13,2026-06-13,False,leitura_ok
22/05/2026,14:09,9525.99,631.92,29.3,9,22,31,68.27,2116.37,98.0,27959.04,27959.04,2160.0,8894.07,2026-05-13,2026-06-13,False,leitura_ok
22/05/2026,17:41,9536.59,642.52,29.7,9,22,31,68.33,2118.23,98.1,27959.04,27959.04,2160.0,8894.07,2026-05-13,2026-06-13,False,leitura_ok
22/05/2026,21:07,9548.48,654.41,30.3,9,22,31,68.55,2125.05,98.4,27959.04,27959.04,2160.0,8894.07,2026-05-13,2026-06-13,False,leitura_ok
23/05/2026,03:38,9567.46,673.39,31.2,9,21,31,68.59,2126.29,98.4,27959.04,27959.04,2160.0,8894.07,2026-05-13,2026-06-13,False,leitura_ok
23/05/2026,06:57,9571.25,677.18,31.4,9,21,31,68.02,2108.62,97.6,27959.04,27959.04,2160.0,8894.07,2026-05-13,2026-06-13,False,leitura_ok
23/05/2026,08:57,9573.87,679.8,31.5,10,21,31,67.71,2099.01,97.2,27959.04,27959.04,2160.0,8894.07,2026-05-13,2026-06-13,False,leitura_ok
23/05/2026,13:02,9586.24,692.17,32.0,10,21,31,67.79,2101.49,97.3,27959.04,27959.04,2160.0,8894.07,2026-05-13,2026-06-13,False,leitura_ok
23/05/2026,17:04,9599.48,705.41,32.7,10,21,31,67.97,2107.07,97.5,27959.04,27959.04,2160.0,8894.07,2026-05-13,2026-06-13,False,leitura_ok
23/05/2026,20:58,9614.05,719.98,33.3,10,21,31,68.3,2117.3,98.0,27959.04,27959.04,2160.0,8894.07,2026-05-13,2026-06-13,False,leitura_ok
24/05/2026,04:25,9634.62,740.55,34.3,10,20,31,68.25,2115.75,98.0,27959.04,27959.04,2160.0,8894.07,2026-05-13,2026-06-13,False,leitura_ok
24/05/2026,06:58,9636.85,742.78,34.4,10,20,31,67.79,2101.49,97.3,27959.04,27959.04,2160.0,8894.07,2026-05-13,2026-06-13,False,leitura_ok
24/05/2026,08:58,9638.52,744.45,34.5,11,20,31,67.43,2090.33,96.8,27959.04,27959.04,2160.0,8894.07,2026-05-13,2026-06-13,False,leitura_ok
24/05/2026,13:01,9649.89,755.82,35.0,11,20,31,67.43,2090.33,96.8,27959.04,27959.04,2160.0,8894.07,2026-05-13,2026-06-13,False,leitura_ok
24/05/2026,17:02,9664.06,769.99,35.6,11,20,31,67.68,2098.08,97.1,27959.04,27959.04,2160.0,8894.07,2026-05-13,2026-06-13,False,leitura_ok
24/05/2026,20:59,9677.65,783.58,36.3,11,20,31,67.89,2104.59,97.4,27959.04,27959.04,2160.0,8894.07,2026-05-13,2026-06-13,False,leitura_ok
25/05/2026,05:24,9697.34,803.27,37.2,11,19,31,67.55,2094.05,96.9,27959.04,27959.04,2160.0,8894.07,2026-05-13,2026-06-13,False,leitura_ok
25/05/2026,08:55,9703.03,808.96,37.5,12,19,31,67.2,2083.2,96.4,27959.04,27959.04,2160.0,8894.07,2026-05-13,2026-06-13,False,leitura_ok
25/05/2026,10:56,9708.47,814.4,37.7,12,19,31,67.18,2082.58,96.4,27959.04,27959.04,2160.0,8894.07,2026-05-13,2026-06-13,False,leitura_ok
25/05/2026,14:06,9718.53,824.46,38.2,12,19,31,67.28,2085.68,96.6,27959.04,27959.04,2160.0,8894.07,2026-05-13,2026-06-13,False,leitura_ok
25/05/2026,17:21,9726.99,832.92,38.6,12,19,31,67.23,2084.13,96.5,27959.04,27959.04,2160.0,8894.07,2026-05-13,2026-06-13,False,leitura_ok
25/05/2026,21:06,9740.83,846.76,39.2,12,19,31,67.49,2092.19,96.9,27959.04,27959.04,2160.0,8894.07,2026-05-13,2026-06-13,False,leitura_ok
26/05/2026,04:55,9757.13,863.06,40.0,12,18,31,67.05,2078.55,96.2,27959.04,27959.04,2160.0,8894.07,2026-05-13,2026-06-13,False,leitura_ok
26/05/2026,10:50,9771.48,877.41,40.6,13,18,31,66.88,2073.28,96.0,27959.04,27959.04,2160.0,8894.07,2026-05-13,2026-06-13,False,leitura_ok
26/05/2026,14:55,9786.65,892.58,41.3,13,18,31,67.17,2082.27,96.4,27959.04,27959.04,2160.0,8894.07,2026-05-13,2026-06-13,False,leitura_ok
26/05/2026,17:51,9796.94,902.87,41.8,13,18,31,67.32,2086.92,96.6,27959.04,27959.04,2160.0,8894.07,2026-05-13,2026-06-13,False,leitura_ok
26/05/2026,21:05,9808.32,914.25,42.3,13,18,31,67.5,2092.5,96.9,27959.04,27959.04,2160.0,8894.07,2026-05-13,2026-06-13,False,leitura_ok
27/05/2026,05:07,9831.06,936.99,43.4,13,17,31,67.5,2092.5,96.9,27959.04,27959.04,2160.0,8894.07,2026-05-13,2026-06-13,False,leitura_ok
27/05/2026,08:41,9840.51,946.44,43.8,14,17,31,67.46,2091.26,96.8,27959.04,27959.04,2160.0,8894.07,2026-05-13,2026-06-13,False,leitura_ok
27/05/2026,11:23,9846.45,952.38,44.1,14,17,31,67.35,2087.85,96.7,27959.04,27959.04,2160.0,8894.07,2026-05-13,2026-06-13,False,leitura_ok
27/05/2026,14:57,9858.57,964.5,44.7,14,17,31,67.5,2092.5,96.9,27959.04,27959.04,2160.0,8894.07,2026-05-13,2026-06-13,False,leitura_ok
27/05/2026,18:00,9867.96,973.89,45.1,14,17,31,67.55,2094.05,96.9,27959.04,27959.04,2160.0,8894.07,2026-05-13,2026-06-13,False,leitura_ok
27/05/2026,21:00,9879.07,985.0,45.6,14,17,31,67.74,2099.94,97.2,27959.04,27959.04,2160.0,8894.07,2026-05-13,2026-06-13,False,leitura_ok
28/05/2026,05:05,9898.69,1004.62,46.5,14,16,31,67.52,2093.12,96.9,27959.04,27959.04,2160.0,8894.07,2026-05-13,2026-06-13,False,leitura_ok
28/05/2026,08:41,9906.68,1012.61,46.9,15,16,31,67.38,2088.78,96.7,27959.04,27959.04,2160.0,8894.07,2026-05-13,2026-06-13,False,leitura_ok
28/05/2026,11:36,9914.97,1020.9,47.3,15,16,31,67.38,2088.78,96.7,27959.04,27959.04,2160.0,8894.07,2026-05-13,2026-06-13,False,leitura_ok
28/05/2026,15:12,9926.94,1032.87,47.8,15,16,31,67.51,2092.81,96.9,27959.04,27959.04,2160.0,8894.07,2026-05-13,2026-06-13,False,leitura_ok
28/05/2026,18:06,9935.82,1041.75,48.2,15,16,31,67.55,2094.05,96.9,27959.04,27959.04,2160.0,8894.07,2026-05-13,2026-06-13,False,leitura_ok
28/05/2026,21:11,9947.96,1053.89,48.8,15,16,31,67.77,2100.87,97.3,27959.04,27959.04,2160.0,8894.07,2026-05-13,2026-06-13,False,leitura_ok
29/05/2026,05:02,9968.38,1074.31,49.7,15,15,31,67.67,2097.77,97.1,27959.04,27959.04,2160.0,8894.07,2026-05-13,2026-06-13,False,leitura_ok
29/05/2026,08:33,9974.18,1080.11,50.0,16,15,31,67.41,2089.71,96.7,27959.04,27959.04,2160.0,8894.07,2026-05-13,2026-06-13,False,leitura_ok
29/05/2026,10:55,9979.51,1085.44,50.3,16,15,31,67.33,2087.23,96.6,27959.04,27959.04,2160.0,8894.07,2026-05-13,2026-06-13,False,leitura_ok
29/05/2026,15:12,9992.8,1098.73,50.9,16,15,31,67.4,2089.4,96.7,27959.04,27959.04,2160.0,8894.07,2026-05-13,2026-06-13,False,leitura_ok
29/05/2026,18:05,10001.51,1107.44,51.3,16,15,31,67.44,2090.64,96.8,27959.04,27959.04,2160.0,8894.07,2026-05-13,2026-06-13,False,leitura_ok
29/05/2026,21:10,10013.46,1119.39,51.8,16,15,31,67.64,2096.84,97.1,27959.04,27959.04,2160.0,8894.07,2026-05-13,2026-06-13,False,leitura_ok
30/05/2026,03:51,10030.17,1136.1,52.6,16,14,31,67.52,2093.12,96.9,27959.04,27959.04,2160.0,8894.07,2026-05-13,2026-06-13,False,leitura_ok
30/05/2026,07:03,10034.11,1140.04,52.8,16,14,31,67.22,2083.82,96.5,27959.04,27959.04,2160.0,8894.07,2026-05-13,2026-06-13,False,leitura_ok
30/05/2026,09:02,10037.97,1143.9,53.0,17,14,31,67.12,2080.72,96.3,27959.04,27959.04,2160.0,8894.07,2026-05-13,2026-06-13,False,leitura_ok
30/05/2026,13:05,10047.98,1153.91,53.4,17,14,31,67.04,2078.24,96.2,27959.04,27959.04,2160.0,8894.07,2026-05-13,2026-06-13,False,leitura_ok
30/05/2026,17:07,10062.79,1168.72,54.1,17,14,31,67.25,2084.75,96.5,27959.04,27959.04,2160.0,8894.07,2026-05-13,2026-06-13,False,leitura_ok
30/05/2026,21:01,10077.01,1182.94,54.8,17,14,31,67.43,2090.33,96.8,27959.04,27959.04,2160.0,8894.07,2026-05-13,2026-06-13,False,leitura_ok
31/05/2026,04:48,10095.89,1201.82,55.6,17,13,31,67.26,2085.06,96.5,27959.04,27959.04,2160.0,8894.07,2026-05-13,2026-06-13,False,leitura_ok
31/05/2026,07:18,10097.65,1203.58,55.7,17,13,31,66.97,2076.07,96.1,27959.04,27959.04,2160.0,8894.07,2026-05-13,2026-06-13,False,leitura_ok
31/05/2026,09:07,10099.21,1205.14,55.8,18,13,31,66.78,2070.18,95.8,27959.04,27959.04,2160.0,8894.07,2026-05-13,2026-06-13,False,leitura_ok
31/05/2026,13:09,10111.28,1217.21,56.4,18,13,31,66.83,2071.73,95.9,27959.04,27959.04,2160.0,8894.07,2026-05-13,2026-06-13,False,leitura_ok
31/05/2026,17:05,10126.01,1231.94,57.0,18,13,31,67.03,2077.93,96.2,27959.04,27959.04,2160.0,8894.07,2026-05-13,2026-06-13,False,leitura_ok
31/05/2026,21:06,10138.75,1244.68,57.6,18,13,31,67.11,2080.41,96.3,27959.04,27959.04,2160.0,8894.07,2026-05-13,2026-06-13,False,leitura_ok
01/06/2026,06:30,10157.4,1263.33,58.5,18,12,31,66.71,2068.01,95.7,27959.04,27959.04,2160.0,8894.07,2026-05-13,2026-06-13,False,leitura_ok
01/06/2026,10:40,10167.32,1273.25,58.9,19,12,31,66.62,2065.22,95.6,27959.04,27959.04,2160.0,8894.07,2026-05-13,2026-06-13,False,leitura_ok
01/06/2026,13:34,10177.46,1283.39,59.4,19,12,31,66.73,2068.63,95.8,27959.04,27959.04,2160.0,8894.07,2026-05-13,2026-06-13,False,leitura_ok
01/06/2026,16:55,10189.14,1295.07,60.0,19,12,31,66.85,2072.35,95.9,27959.04,27959.04,2160.0,8894.07,2026-05-13,2026-06-13,False,leitura_ok
01/06/2026,18:58,10196.5,1302.43,60.3,19,12,31,66.94,2075.14,96.1,27959.04,27959.04,2160.0,8894.07,2026-05-13,2026-06-13,False,leitura_ok
01/06/2026,21:13,10203.93,1309.86,60.6,19,12,31,67.0,2077.0,96.2,27959.04,27959.04,2160.0,8894.07,2026-05-13,2026-06-13,False,leitura_ok
02/06/2026,05:41,10220.35,1326.28,61.4,19,11,31,66.63,2065.53,95.6,27959.04,27959.04,2160.0,8894.07,2026-05-13,2026-06-13,False,leitura_ok
02/06/2026,09:07,10229.95,1335.88,61.8,20,11,31,66.64,2065.84,95.6,27959.04,27959.04,2160.0,8894.07,2026-05-13,2026-06-13,False,leitura_ok
02/06/2026,11:47,10236.92,1342.85,62.2,20,11,31,66.62,2065.22,95.6,27959.04,27959.04,2160.0,8894.07,2026-05-13,2026-06-13,False,leitura_ok
02/06/2026,15:39,10247.35,1353.28,62.7,20,11,31,66.6,2064.6,95.6,27959.04,27959.04,2160.0,8894.07,2026-05-13,2026-06-13,False,leitura_ok
02/06/2026,18:46,10255.73,1361.66,63.0,20,11,31,66.59,2064.29,95.6,27959.04,27959.04,2160.0,8894.07,2026-05-13,2026-06-13,False,leitura_ok
02/06/2026,21:30,,,,,,,,,,,,,,,,,falha_leitura
03/06/2026,05:59,10284.51,1390.44,64.4,20,10,31,66.48,2060.88,95.4,27959.04,27959.04,2160.0,8894.07,2026-05-13,2026-06-13,False,leitura_ok
03/06/2026,09:44,10294.9,1400.83,64.9,21,10,31,66.48,2060.88,95.4,27959.04,27959.04,2160.0,8894.07,2026-05-13,2026-06-13,False,leitura_ok
03/06/2026,12:25,10302.66,1408.59,65.2,21,10,31,66.49,2061.19,95.4,27959.04,27959.04,2160.0,8894.07,2026-05-13,2026-06-13,False,leitura_ok
03/06/2026,15:47,,,,,,,,,,,,,,,,,falha_leitura
03/06/2026,18:46,10321.67,1427.6,66.1,21,10,31,66.56,2063.36,95.5,27959.04,27959.04,2160.0,8894.07,2026-05-13,2026-06-13,False,leitura_ok
03/06/2026,22:42,10330.46,1436.39,66.5,21,10,31,66.46,2060.26,95.4,27959.04,27959.04,2160.0,8894.07,2026-05-13,2026-06-13,False,leitura_ok
04/06/2026,05:23,10350.88,1456.81,67.4,21,9,31,66.55,2063.05,95.5,27959.04,27959.04,2160.0,8894.07,2026-05-13,2026-06-13,False,leitura_ok
04/06/2026,08:18,10353.55,1459.48,67.6,22,9,31,66.3,2055.3,95.2,27959.04,27959.04,2160.0,8894.07,2026-05-13,2026-06-13,False,leitura_ok
04/06/2026,10:55,10359.37,1465.3,67.8,22,9,31,66.24,2053.44,95.1,27959.04,27959.04,2160.0,8894.07,2026-05-13,2026-06-13,False,leitura_ok
04/06/2026,14:45,10372.98,1478.91,68.5,22,9,31,66.37,2057.47,95.3,27959.04,27959.04,2160.0,8894.07,2026-05-13,2026-06-13,False,leitura_ok
04/06/2026,17:55,10383.91,1489.84,69.0,22,9,31,66.47,2060.57,95.4,27959.04,27959.04,2160.0,8894.07,2026-05-13,2026-06-13,False,leitura_ok
04/06/2026,21:11,,,,,,,,,,,,,,,,,falha_leitura
05/06/2026,05:11,10416.2,1522.13,70.5,22,8,31,66.52,2062.12,95.5,27959.04,27959.04,2160.0,8894.07,2026-05-13,2026-06-13,False,leitura_ok
05/06/2026,08:31,10420.13,1526.06,70.7,23,8,31,66.29,2054.99,95.1,27959.04,27959.04,2160.0,8894.07,2026-05-13,2026-06-13,False,leitura_ok
05/06/2026,10:50,10426.24,1532.17,70.9,23,8,31,66.28,2054.68,95.1,27959.04,27959.04,2160.0,8894.07,2026-05-13,2026-06-13,False,leitura_ok
05/06/2026,14:19,10437.83,1543.76,71.5,23,8,31,66.36,2057.16,95.2,27959.04,27959.04,2160.0,8894.07,2026-05-13,2026-06-13,False,leitura_ok
05/06/2026,17:46,10447.92,1553.85,71.9,23,8,31,66.38,2057.78,95.3,27959.04,27959.04,2160.0,8894.07,2026-05-13,2026-06-13,False,leitura_ok
05/06/2026,21:06,10460.56,1566.49,72.5,23,8,31,66.53,2062.43,95.5,27959.04,27959.04,2160.0,8894.07,2026-05-13,2026-06-13,False,leitura_ok
06/06/2026,03:56,10477.29,1583.22,73.3,23,7,31,66.44,2059.64,95.4,27959.04,27959.04,2160.0,8894.07,2026-05-13,2026-06-13,False,leitura_ok
06/06/2026,07:07,10483.18,1589.11,73.6,23,7,31,66.31,2055.61,95.2,27959.04,27959.04,2160.0,8894.07,2026-05-13,2026-06-13,False,leitura_ok
06/06/2026,09:03,10486.21,1592.14,73.7,24,7,31,66.22,2052.82,95.0,27959.04,27959.04,2160.0,8894.07,2026-05-13,2026-06-13,False,leitura_ok
06/06/2026,13:05,10495.54,1601.47,74.1,24,7,31,66.14,2050.34,94.9,27959.04,27959.04,2160.0,8894.07,2026-05-13,2026-06-13,False,leitura_ok
06/06/2026,17:10,,,,,,,,,,,,,,,,,falha_leitura
06/06/2026,21:04,10518.12,1624.05,75.2,24,7,31,66.17,2051.27,95.0,27959.04,27959.04,2160.0,8894.07,2026-05-13,2026-06-13,False,leitura_ok
07/06/2026,04:57,10537.44,1643.37,76.1,24,6,31,66.07,2048.17,94.8,27959.04,27959.04,2160.0,8894.07,2026-05-13,2026-06-13,False,leitura_ok
07/06/2026,07:31,10538.49,1644.42,76.1,24,6,31,65.83,2040.73,94.5,27959.04,27959.04,2160.0,8894.07,2026-05-13,2026-06-13,False,leitura_ok
07/06/2026,09:17,10540.55,1646.48,76.2,25,6,31,65.72,2037.32,94.3,27959.04,27959.04,2160.0,8894.07,2026-05-13,2026-06-13,False,leitura_ok
07/06/2026,13:20,,,,,,,,,,,,,,,,,falha_leitura
07/06/2026,17:08,10564.41,1670.34,77.3,25,6,31,65.81,2040.11,94.4,27959.04,27959.04,2160.0,8894.07,2026-05-13,2026-06-13,False,leitura_ok
07/06/2026,21:09,10578.48,1684.41,78.0,25,6,31,65.93,2043.83,94.6,27959.04,27959.04,2160.0,8894.07,2026-05-13,2026-06-13,False,leitura_ok
08/06/2026,05:58,10598.04,1703.97,78.9,25,5,31,65.75,2038.25,94.4,27959.04,27959.04,2160.0,8894.07,2026-05-13,2026-06-13,False,leitura_ok
08/06/2026,09:36,10605.37,1711.3,79.2,26,5,31,65.65,2035.15,94.2,27959.04,27959.04,2160.0,8894.07,2026-05-13,2026-06-13,False,leitura_ok
08/06/2026,11:44,10612.19,1718.12,79.5,26,5,31,65.69,2036.39,94.3,27959.04,27959.04,2160.0,8894.07,2026-05-13,2026-06-13,False,leitura_ok
08/06/2026,14:54,10622.49,1728.42,80.0,26,5,31,65.75,2038.25,94.4,27959.04,27959.04,2160.0,8894.07,2026-05-13,2026-06-13,False,leitura_ok
08/06/2026,18:10,10634.83,1740.76,80.6,26,5,31,65.88,2042.28,94.5,27959.04,27959.04,2160.0,8894.07,2026-05-13,2026-06-13,False,leitura_ok
08/06/2026,21:06,10644.39,1750.32,81.0,26,5,31,65.93,2043.83,94.6,27959.04,27959.04,2160.0,8894.07,2026-05-13,2026-06-13,False,leitura_ok
09/06/2026,04:55,10665.49,1771.42,82.0,26,4,31,65.92,2043.52,94.6,27959.04,27959.04,2160.0,8894.07,2026-05-13,2026-06-13,False,leitura_ok
09/06/2026,08:24,,,,,,,,,,,,,,,,,falha_leitura
09/06/2026,10:41,10675.67,1781.6,82.5,27,4,31,65.71,2037.01,94.3,27959.04,27959.04,2160.0,8894.07,2026-05-13,2026-06-13,False,leitura_ok
09/06/2026,11:48,10679.11,8.96,0.4,0,30,30,56.39,1691.7,78.3,27959.04,27959.04,2160.0,10670.15,2026-06-09,2026-07-09,False,leitura_ok
09/06/2026,14:24,10685.77,15.62,0.7,0,30,30,58.5,1755.0,81.2,27959.04,27959.04,2160.0,10670.15,2026-06-09,2026-07-09,False,leitura_ok
09/06/2026,17:54,10696.97,26.82,1.2,0,30,30,64.99,1949.7,90.3,27959.04,27959.04,2160.0,10670.15,2026-06-09,2026-07-09,False,leitura_ok
09/06/2026,21:14,10707.64,37.49,1.7,0,30,30,67.92,2037.6,94.3,27959.04,27959.04,2160.0,10670.15,2026-06-09,2026-07-09,False,leitura_ok
10/06/2026,05:11,10727.45,57.3,2.7,0,29,30,64.87,1946.1,90.1,27959.04,27959.04,2160.0,10670.15,2026-06-09,2026-07-09,False,leitura_ok
10/06/2026,08:43,,,,,,,,,,,,,,,,,falha_leitura
10/06/2026,11:19,10742.58,72.43,3.4,1,29,30,63.6,1908.0,88.3,27959.04,27959.04,2160.0,10670.15,2026-06-09,2026-07-09,False,leitura_ok
10/06/2026,14:57,10752.27,82.12,3.8,1,29,30,63.67,1910.1,88.4,27959.04,27959.04,2160.0,10670.15,2026-06-09,2026-07-09,False,leitura_ok
10/06/2026,18:23,10760.29,90.14,4.2,1,29,30,62.89,1886.7,87.3,27959.04,27959.04,2160.0,10670.15,2026-06-09,2026-07-09,False,leitura_ok
10/06/2026,21:22,,,,,,,,,,,,,,,,,falha_leitura
11/06/2026,05:49,10791.33,121.18,5.6,1,28,30,63.46,1903.8,88.1,27959.04,27959.04,2160.0,10670.15,2026-06-09,2026-07-09,False,leitura_ok
11/06/2026,09:12,10798.07,127.92,5.9,2,28,30,62.39,1871.7,86.7,27959.04,27959.04,2160.0,10670.15,2026-06-09,2026-07-09,False,leitura_ok
11/06/2026,11:32,10805.19,135.04,6.3,2,28,30,62.87,1886.1,87.3,27959.04,27959.04,2160.0,10670.15,2026-06-09,2026-07-09,False,leitura_ok
11/06/2026,15:14,10816.84,146.69,6.8,2,28,30,63.73,1911.9,88.5,27959.04,27959.04,2160.0,10670.15,2026-06-09,2026-07-09,False,leitura_ok
11/06/2026,18:16,10824.83,154.68,7.2,2,28,30,63.7,1911.0,88.5,27959.04,27959.04,2160.0,10670.15,2026-06-09,2026-07-09,False,leitura_ok
11/06/2026,21:19,10834.06,163.91,7.6,2,28,30,64.15,1924.5,89.1,27959.04,27959.04,2160.0,10670.15,2026-06-09,2026-07-09,False,leitura_ok
12/06/2026,05:37,10854.18,184.03,8.5,2,27,30,63.44,1903.2,88.1,27959.04,27959.04,2160.0,10670.15,2026-06-09,2026-07-09,False,leitura_ok
12/06/2026,08:46,10858.31,188.16,8.7,3,27,30,62.06,1861.8,86.2,27959.04,27959.04,2160.0,10670.15,2026-06-09,2026-07-09,False,leitura_ok
12/06/2026,11:07,10863.18,193.03,8.9,3,27,30,61.67,1850.1,85.7,27959.04,27959.04,2160.0,10670.15,2026-06-09,2026-07-09,False,leitura_ok
12/06/2026,14:38,10874.29,204.14,9.5,3,27,30,62.31,1869.3,86.5,27959.04,27959.04,2160.0,10670.15,2026-06-09,2026-07-09,False,leitura_ok
12/06/2026,18:01,10883.65,213.5,9.9,3,27,30,62.47,1874.1,86.8,27959.04,27959.04,2160.0,10670.15,2026-06-09,2026-07-09,False,leitura_ok
12/06/2026,21:20,10893.62,223.47,10.3,3,27,30,62.85,1885.5,87.3,27959.04,27959.04,2160.0,10670.15,2026-06-09,2026-07-09,False,leitura_ok
13/06/2026,04:52,10916.05,245.9,11.4,3,26,30,63.55,1906.5,88.3,27959.04,27959.04,2160.0,10670.15,2026-06-09,2026-07-09,False,leitura_ok
13/06/2026,07:32,10919.8,249.65,11.6,3,26,30,62.71,1881.3,87.1,27959.04,27959.04,2160.0,10670.15,2026-06-09,2026-07-09,False,leitura_ok
13/06/2026,09:21,10922.49,252.34,11.7,4,26,30,62.21,1866.3,86.4,27959.04,27959.04,2160.0,10670.15,2026-06-09,2026-07-09,False,leitura_ok
13/06/2026,13:13,10936.59,266.44,12.3,4,26,30,63.17,1895.1,87.7,27959.04,27959.04,2160.0,10670.15,2026-06-09,2026-07-09,False,leitura_ok
13/06/2026,17:13,10950.12,279.97,13.0,4,26,30,63.85,1915.5,88.7,27959.04,27959.04,2160.0,10670.15,2026-06-09,2026-07-09,False,leitura_ok
13/06/2026,21:07,10964.07,293.92,13.6,4,26,30,64.64,1939.2,89.8,27959.04,27959.04,2160.0,10670.15,2026-06-09,2026-07-09,False,leitura_ok
14/06/2026,05:17,10982.0,311.85,14.4,4,25,30,63.81,1914.3,88.6,27959.04,27959.04,2160.0,10670.15,2026-06-09,2026-07-09,False,leitura_ok
14/06/2026,07:50,10985.01,314.86,14.6,4,25,30,63.05,1891.5,87.6,27959.04,27959.04,2160.0,10670.15,2026-06-09,2026-07-09,False,leitura_ok
14/06/2026,09:58,10987.67,317.52,14.7,5,25,30,62.48,1874.4,86.8,27959.04,27959.04,2160.0,10670.15,2026-06-09,2026-07-09,False,leitura_ok
14/06/2026,13:22,10999.24,329.09,15.2,5,25,30,63.0,1890.0,87.5,27959.04,27959.04,2160.0,10670.15,2026-06-09,2026-07-09,False,leitura_ok
14/06/2026,17:15,11015.49,345.34,16.0,5,25,30,64.12,1923.6,89.1,27959.04,27959.04,2160.0,10670.15,2026-06-09,2026-07-09,False,leitura_ok
14/06/2026,21:10,11029.22,359.07,16.6,5,25,30,64.71,1941.3,89.9,27959.04,27959.04,2160.0,10670.15,2026-06-09,2026-07-09,False,leitura_ok
15/06/2026,07:27,11053.32,383.17,17.7,5,24,30,64.1,1923.0,89.0,27959.04,27959.04,2160.0,10670.15,2026-06-09,2026-07-09,False,leitura_ok
15/06/2026,11:27,11062.69,392.54,18.2,6,24,30,63.89,1916.7,88.7,27959.04,27959.04,2160.0,10670.15,2026-06-09,2026-07-09,False,leitura_ok
15/06/2026,13:13,11068.12,397.97,18.4,6,24,30,64.01,1920.3,88.9,27959.04,27959.04,2160.0,10670.15,2026-06-09,2026-07-09,False,leitura_ok
15/06/2026,16:03,11077.21,407.06,18.8,6,24,30,64.25,1927.5,89.2,27959.04,27959.04,2160.0,10670.15,2026-06-09,2026-07-09,False,leitura_ok
15/06/2026,18:40,11085.57,415.42,19.2,6,24,30,64.46,1933.8,89.5,27959.04,27959.04,2160.0,10670.15,2026-06-09,2026-07-09,False,leitura_ok
15/06/2026,22:41,11098.63,428.48,19.8,6,24,30,64.8,1944.0,90.0,27959.04,27959.04,2160.0,10670.15,2026-06-09,2026-07-09,False,leitura_ok
16/06/2026,06:30,11115.58,445.43,20.6,6,23,30,64.21,1926.3,89.2,27959.04,27959.04,2160.0,10670.15,2026-06-09,2026-07-09,False,leitura_ok
16/06/2026,09:57,11121.71,451.56,20.9,7,23,30,63.77,1913.1,88.6,27959.04,27959.04,2160.0,10670.15,2026-06-09,2026-07-09,False,leitura_ok
16/06/2026,12:49,11129.19,459.04,21.3,7,23,30,63.74,1912.2,88.5,27959.04,27959.04,2160.0,10670.15,2026-06-09,2026-07-09,False,leitura_ok
16/06/2026,15:54,11137.65,467.5,21.6,7,23,30,63.78,1913.4,88.6,27959.04,27959.04,2160.0,10670.15,2026-06-09,2026-07-09,False,leitura_ok
16/06/2026,18:41,11147.44,477.29,22.1,7,23,30,64.11,1923.3,89.0,27959.04,27959.04,2160.0,10670.15,2026-06-09,2026-07-09,False,leitura_ok
16/06/2026,21:17,11153.84,483.69,22.4,7,23,30,64.03,1920.9,88.9,27959.04,27959.04,2160.0,10670.15,2026-06-09,2026-07-09,False,leitura_ok
17/06/2026,06:05,11181.13,510.98,23.7,7,22,30,64.51,1935.3,89.6,27959.04,27959.04,2160.0,10670.15,2026-06-09,2026-07-09,False,leitura_ok
17/06/2026,09:22,,,,,,,,,,,,,,,,,falha_leitura
17/06/2026,11:24,11186.95,516.8,23.9,8,22,30,63.47,1904.1,88.2,27959.04,27959.04,2160.0,10670.15,2026-06-09,2026-07-09,False,leitura_ok
17/06/2026,14:49,11193.12,522.97,24.2,8,22,30,63.13,1893.9,87.7,27959.04,27959.04,2160.0,10670.15,2026-06-09,2026-07-09,False,leitura_ok
17/06/2026,18:02,11201.74,531.59,24.6,8,22,30,63.15,1894.5,87.7,27959.04,27959.04,2160.0,10670.15,2026-06-09,2026-07-09,False,leitura_ok
17/06/2026,21:16,11212.18,542.03,25.1,8,22,30,63.37,1901.1,88.0,27959.04,27959.04,2160.0,10670.15,2026-06-09,2026-07-09,False,leitura_ok
18/06/2026,05:50,11232.32,562.17,26.0,8,21,30,63.09,1892.7,87.6,27959.04,27959.04,2160.0,10670.15,2026-06-09,2026-07-09,False,leitura_ok
18/06/2026,08:52,11240.62,570.47,26.4,9,21,30,63.13,1893.9,87.7,27959.04,27959.04,2160.0,10670.15,2026-06-09,2026-07-09,False,leitura_ok
18/06/2026,11:06,11246.38,576.23,26.7,9,21,30,63.12,1893.6,87.7,27959.04,27959.04,2160.0,10670.15,2026-06-09,2026-07-09,False,leitura_ok
18/06/2026,15:05,11260.7,590.55,27.3,9,21,30,63.53,1905.9,88.2,27959.04,27959.04,2160.0,10670.15,2026-06-09,2026-07-09,False,leitura_ok
18/06/2026,18:21,11269.72,599.57,27.8,9,21,30,63.57,1907.1,88.3,27959.04,27959.04,2160.0,10670.15,2026-06-09,2026-07-09,False,leitura_ok
18/06/2026,21:27,11280.39,610.24,28.3,9,21,30,63.83,1914.9,88.7,27959.04,27959.04,2160.0,10670.15,2026-06-09,2026-07-09,False,leitura_ok
19/06/2026,06:07,11300.31,630.16,29.2,9,20,30,63.51,1905.3,88.2,27959.04,27959.04,2160.0,10670.15,2026-06-09,2026-07-09,False,leitura_ok
19/06/2026,09:10,11306.02,635.87,29.4,10,20,30,63.28,1898.4,87.9,27959.04,27959.04,2160.0,10670.15,2026-06-09,2026-07-09,False,leitura_ok
19/06/2026,10:58,11311.59,641.44,29.7,10,20,30,63.36,1900.8,88.0,27959.04,27959.04,2160.0,10670.15,2026-06-09,2026-07-09,False,leitura_ok
19/06/2026,14:19,11324.77,654.62,30.3,10,20,30,63.78,1913.4,88.6,27959.04,27959.04,2160.0,10670.15,2026-06-09,2026-07-09,False,leitura_ok
19/06/2026,17:25,11335.17,665.02,30.8,10,20,30,63.99,1919.7,88.9,27959.04,27959.04,2160.0,10670.15,2026-06-09,2026-07-09,False,leitura_ok
19/06/2026,21:12,,,,,,,,,,,,,,,,,falha_leitura
20/06/2026,04:53,11366.06,695.91,32.2,10,19,30,64.02,1920.6,88.9,27959.04,27959.04,2160.0,10670.15,2026-06-09,2026-07-09,False,leitura_ok
20/06/2026,07:35,11369.7,699.55,32.4,10,19,30,63.7,1911.0,88.5,27959.04,27959.04,2160.0,10670.15,2026-06-09,2026-07-09,False,leitura_ok
20/06/2026,09:24,11373.02,702.87,32.5,11,19,30,63.56,1906.8,88.3,27959.04,27959.04,2160.0,10670.15,2026-06-09,2026-07-09,False,leitura_ok
20/06/2026,13:19,11388.46,718.31,33.3,11,19,30,64.01,1920.3,88.9,27959.04,27959.04,2160.0,10670.15,2026-06-09,2026-07-09,False,leitura_ok
20/06/2026,17:12,11401.61,731.46,33.9,11,19,30,64.25,1927.5,89.2,27959.04,27959.04,2160.0,10670.15,2026-06-09,2026-07-09,False,leitura_ok
20/06/2026,21:07,11413.22,743.07,34.4,11,19,30,64.35,1930.5,89.4,27959.04,27959.04,2160.0,10670.15,2026-06-09,2026-07-09,False,leitura_ok
21/06/2026,05:37,11432.05,761.9,35.3,11,18,30,64.02,1920.6,88.9,27959.04,27959.04,2160.0,10670.15,2026-06-09,2026-07-09,False,leitura_ok
21/06/2026,08:18,11434.18,764.03,35.4,12,18,30,63.6,1908.0,88.3,27959.04,27959.04,2160.0,10670.15,2026-06-09,2026-07-09,False,leitura_ok
21/06/2026,10:02,11435.82,765.67,35.4,12,18,30,63.36,1900.8,88.0,27959.04,27959.04,2160.0,10670.15,2026-06-09,2026-07-09,False,leitura_ok
21/06/2026,13:45,11449.34,779.19,36.1,12,18,30,63.66,1909.8,88.4,27959.04,27959.04,2160.0,10670.15,2026-06-09,2026-07-09,False,leitura_ok
21/06/2026,17:22,11462.29,792.14,36.7,12,18,30,63.93,1917.9,88.8,27959.04,27959.04,2160.0,10670.15,2026-06-09,2026-07-09,False,leitura_ok
21/06/2026,21:12,11473.17,803.02,37.2,12,18,30,63.98,1919.4,88.9,27959.04,27959.04,2160.0,10670.15,2026-06-09,2026-07-09,False,leitura_ok
22/06/2026,06:50,11493.59,823.44,38.1,12,17,30,63.58,1907.4,88.3,27959.04,27959.04,2160.0,10670.15,2026-06-09,2026-07-09,False,leitura_ok
22/06/2026,10:37,11501.89,831.74,38.5,13,17,30,63.44,1903.2,88.1,27959.04,27959.04,2160.0,10670.15,2026-06-09,2026-07-09,False,leitura_ok
22/06/2026,12:48,11509.06,838.91,38.8,13,17,30,63.55,1906.5,88.3,27959.04,27959.04,2160.0,10670.15,2026-06-09,2026-07-09,False,leitura_ok
22/06/2026,15:46,11519.22,849.07,39.3,13,17,30,63.72,1911.6,88.5,27959.04,27959.04,2160.0,10670.15,2026-06-09,2026-07-09,False,leitura_ok
22/06/2026,18:29,11530.45,860.3,39.8,13,17,30,64.02,1920.6,88.9,27959.04,27959.04,2160.0,10670.15,2026-06-09,2026-07-09,False,leitura_ok
22/06/2026,21:06,11540.64,870.49,40.3,13,17,30,64.26,1927.8,89.2,27959.04,27959.04,2160.0,10670.15,2026-06-09,2026-07-09,False,leitura_ok
23/06/2026,04:54,11562.92,892.77,41.3,13,16,30,64.36,1930.8,89.4,27959.04,27959.04,2160.0,10670.15,2026-06-09,2026-07-09,False,leitura_ok
23/06/2026,08:21,11565.35,895.2,41.4,14,16,30,63.88,1916.4,88.7,27959.04,27959.04,2160.0,10670.15,2026-06-09,2026-07-09,False,leitura_ok
23/06/2026,10:41,11571.18,901.03,41.7,14,16,30,63.85,1915.5,88.7,27959.04,27959.04,2160.0,10670.15,2026-06-09,2026-07-09,False,leitura_ok
23/06/2026,14:17,11583.38,913.23,42.3,14,16,30,64.03,1920.9,88.9,27959.04,27959.04,2160.0,10670.15,2026-06-09,2026-07-09,False,leitura_ok
23/06/2026,17:59,11594.66,924.51,42.8,14,16,30,64.13,1923.9,89.1,27959.04,27959.04,2160.0,10670.15,2026-06-09,2026-07-09,False,leitura_ok
23/06/2026,20:57,11605.06,934.91,43.3,14,16,30,64.3,1929.0,89.3,27959.04,27959.04,2160.0,10670.15,2026-06-09,2026-07-09,False,leitura_ok
24/06/2026,04:48,11627.65,957.5,44.3,14,15,30,64.4,1932.0,89.4,27959.04,27959.04,2160.0,10670.15,2026-06-09,2026-07-09,False,leitura_ok
24/06/2026,07:53,11631.44,961.29,44.5,14,15,30,64.1,1923.0,89.0,27959.04,27959.04,2160.0,10670.15,2026-06-09,2026-07-09,False,leitura_ok
24/06/2026,10:16,11638.17,968.02,44.8,15,15,30,64.13,1923.9,89.1,27959.04,27959.04,2160.0,10670.15,2026-06-09,2026-07-09,False,leitura_ok
24/06/2026,14:04,11649.92,979.77,45.4,15,15,30,64.23,1926.9,89.2,27959.04,27959.04,2160.0,10670.15,2026-06-09,2026-07-09,False,leitura_ok
24/06/2026,17:46,11658.82,988.67,45.8,15,15,30,64.17,1925.1,89.1,27959.04,27959.04,2160.0,10670.15,2026-06-09,2026-07-09,False,leitura_ok
24/06/2026,21:13,11669.88,999.73,46.3,15,15,30,64.29,1928.7,89.3,27959.04,27959.04,2160.0,10670.15,2026-06-09,2026-07-09,False,leitura_ok
25/06/2026,04:50,11685.1,1014.95,47.0,15,14,30,63.96,1918.8,88.8,27959.04,27959.04,2160.0,10670.15,2026-06-09,2026-07-09,False,leitura_ok
25/06/2026,07:46,11687.63,1017.48,47.1,15,14,30,63.63,1908.9,88.4,27959.04,27959.04,2160.0,10670.15,2026-06-09,2026-07-09,False,leitura_ok
25/06/2026,10:13,11694.86,1024.71,47.4,16,14,30,63.68,1910.4,88.4,27959.04,27959.04,2160.0,10670.15,2026-06-09,2026-07-09,False,leitura_ok
25/06/2026,14:11,11706.21,1036.06,48.0,16,14,30,63.73,1911.9,88.5,27959.04,27959.04,2160.0,10670.15,2026-06-09,2026-07-09,False,leitura_ok
25/06/2026,17:53,11716.01,1045.86,48.4,16,14,30,63.72,1911.6,88.5,27959.04,27959.04,2160.0,10670.15,2026-06-09,2026-07-09,False,leitura_ok
25/06/2026,21:09,11727.15,1057.0,48.9,16,14,30,63.87,1916.1,88.7,27959.04,27959.04,2160.0,10670.15,2026-06-09,2026-07-09,False,leitura_ok
26/06/2026,04:57,11746.15,1076.0,49.8,16,13,30,63.77,1913.1,88.6,27959.04,27959.04,2160.0,10670.15,2026-06-09,2026-07-09,False,leitura_ok
26/06/2026,07:54,11748.09,1077.94,49.9,16,13,30,63.42,1902.6,88.1,27959.04,27959.04,2160.0,10670.15,2026-06-09,2026-07-09,False,leitura_ok
26/06/2026,10:06,11754.57,1084.42,50.2,17,13,30,63.46,1903.8,88.1,27959.04,27959.04,2160.0,10670.15,2026-06-09,2026-07-09,False,leitura_ok
26/06/2026,14:00,11765.25,1095.1,50.7,17,13,30,63.48,1904.4,88.2,27959.04,27959.04,2160.0,10670.15,2026-06-09,2026-07-09,False,leitura_ok
26/06/2026,17:44,11776.37,1106.22,51.2,17,13,30,63.55,1906.5,88.3,27959.04,27959.04,2160.0,10670.15,2026-06-09,2026-07-09,False,leitura_ok
26/06/2026,21:08,11788.72,1118.57,51.8,17,13,30,63.75,1912.5,88.5,27959.04,27959.04,2160.0,10670.15,2026-06-09,2026-07-09,False,leitura_ok
27/06/2026,03:56,11808.36,1138.21,52.7,17,12,30,63.83,1914.9,88.7,27959.04,27959.04,2160.0,10670.15,2026-06-09,2026-07-09,False,leitura_ok
27/06/2026,07:12,11813.84,1143.69,52.9,17,12,30,63.66,1909.8,88.4,27959.04,27959.04,2160.0,10670.15,2026-06-09,2026-07-09,False,leitura_ok
27/06/2026,09:05,11816.72,1146.57,53.1,18,12,30,63.54,1906.2,88.2,27959.04,27959.04,2160.0,10670.15,2026-06-09,2026-07-09,False,leitura_ok
27/06/2026,13:05,11827.84,1157.69,53.6,18,12,30,63.57,1907.1,88.3,27959.04,27959.04,2160.0,10670.15,2026-06-09,2026-07-09,False,leitura_ok
27/06/2026,17:06,11841.15,1171.0,54.2,18,12,30,63.71,1911.3,88.5,27959.04,27959.04,2160.0,10670.15,2026-06-09,2026-07-09,False,leitura_ok
27/06/2026,21:02,11854.46,1184.31,54.8,18,12,30,63.87,1916.1,88.7,27959.04,27959.04,2160.0,10670.15,2026-06-09,2026-07-09,False,leitura_ok
28/06/2026,04:53,11874.46,1204.31,55.8,18,11,30,63.82,1914.6,88.6,27959.04,27959.04,2160.0,10670.15,2026-06-09,2026-07-09,False,leitura_ok
28/06/2026,07:29,11875.14,1204.99,55.8,18,11,30,63.49,1904.7,88.2,27959.04,27959.04,2160.0,10670.15,2026-06-09,2026-07-09,False,leitura_ok
28/06/2026,09:14,11878.21,1208.06,55.9,19,11,30,63.41,1902.3,88.1,27959.04,27959.04,2160.0,10670.15,2026-06-09,2026-07-09,False,leitura_ok
28/06/2026,13:11,11888.59,1218.44,56.4,19,11,30,63.41,1902.3,88.1,27959.04,27959.04,2160.0,10670.15,2026-06-09,2026-07-09,False,leitura_ok
28/06/2026,17:10,11903.62,1233.47,57.1,19,11,30,63.64,1909.2,88.4,27959.04,27959.04,2160.0,10670.15,2026-06-09,2026-07-09,False,leitura_ok
28/06/2026,21:09,11919.64,1249.49,57.8,19,11,30,63.92,1917.6,88.8,27959.04,27959.04,2160.0,10670.15,2026-06-09,2026-07-09,False,leitura_ok
29/06/2026,06:02,11937.94,1267.79,58.7,19,10,30,63.65,1909.5,88.4,27959.04,27959.04,2160.0,10670.15,2026-06-09,2026-07-09,False,leitura_ok
29/06/2026,09:37,11945.0,1274.85,59.0,20,10,30,63.53,1905.9,88.2,27959.04,27959.04,2160.0,10670.15,2026-06-09,2026-07-09,False,leitura_ok
29/06/2026,11:43,11952.5,1282.35,59.4,20,10,30,63.62,1908.6,88.4,27959.04,27959.04,2160.0,10670.15,2026-06-09,2026-07-09,False,leitura_ok
29/06/2026,14:37,11963.26,1293.11,59.9,20,10,30,63.78,1913.4,88.6,27959.04,27959.04,2160.0,10670.15,2026-06-09,2026-07-09,False,leitura_ok
29/06/2026,17:47,11975.6,1305.45,60.4,20,10,30,63.97,1919.1,88.8,27959.04,27959.04,2160.0,10670.15,2026-06-09,2026-07-09,False,leitura_ok
29/06/2026,21:04,11987.07,1316.92,61.0,20,10,30,64.1,1923.0,89.0,27959.04,27959.04,2160.0,10670.15,2026-06-09,2026-07-09,False,leitura_ok
30/06/2026,04:56,12006.62,1336.47,61.9,20,9,30,64.03,1920.9,88.9,27959.04,27959.04,2160.0,10670.15,2026-06-09,2026-07-09,False,leitura_ok
30/06/2026,08:13,12012.93,1342.78,62.2,21,9,30,63.91,1917.3,88.8,27959.04,27959.04,2160.0,10670.15,2026-06-09,2026-07-09,False,leitura_ok
30/06/2026,10:07,12015.22,1345.07,62.3,21,9,30,63.78,1913.4,88.6,27959.04,27959.04,2160.0,10670.15,2026-06-09,2026-07-09,False,leitura_ok
30/06/2026,14:06,12027.5,1357.35,62.8,21,9,30,63.86,1915.8,88.7,27959.04,27959.04,2160.0,10670.15,2026-06-09,2026-07-09,False,leitura_ok
30/06/2026,17:55,12037.76,1367.61,63.3,21,9,30,63.87,1916.1,88.7,27959.04,27959.04,2160.0,10670.15,2026-06-09,2026-07-09,False,leitura_ok
30/06/2026,21:05,12048.53,1378.38,63.8,21,9,30,63.98,1919.4,88.9,27959.04,27959.04,2160.0,10670.15,2026-06-09,2026-07-09,False,leitura_ok
01/07/2026,05:16,12072.09,1401.94,64.9,21,8,30,64.05,1921.5,89.0,27959.04,27959.04,2160.0,10670.15,2026-06-09,2026-07-09,False,leitura_ok
01/07/2026,08:27,12079.42,1409.27,65.2,22,8,30,64.0,1920.0,88.9,27959.04,27959.04,2160.0,10670.15,2026-06-09,2026-07-09,False,leitura_ok
01/07/2026,10:31,12084.62,1414.47,65.5,22,8,30,63.99,1919.7,88.9,27959.04,27959.04,2160.0,10670.15,2026-06-09,2026-07-09,False,leitura_ok
01/07/2026,14:14,12095.13,1424.98,66.0,22,8,30,64.02,1920.6,88.9,27959.04,27959.04,2160.0,10670.15,2026-06-09,2026-07-09,False,leitura_ok
01/07/2026,17:46,12106.27,1436.12,66.5,22,8,30,64.09,1922.7,89.0,27959.04,27959.04,2160.0,10670.15,2026-06-09,2026-07-09,False,leitura_ok
01/07/2026,21:07,12117.03,1446.88,67.0,22,8,30,64.17,1925.1,89.1,27959.04,27959.04,2160.0,10670.15,2026-06-09,2026-07-09,False,leitura_ok
02/07/2026,04:36,12138.69,1468.54,68.0,22,7,30,64.24,1927.2,89.2,27959.04,27959.04,2160.0,10670.15,2026-06-09,2026-07-09,False,leitura_ok
02/07/2026,07:43,12143.0,1472.85,68.2,22,7,30,64.07,1922.1,89.0,27959.04,27959.04,2160.0,10670.15,2026-06-09,2026-07-09,False,leitura_ok
02/07/2026,09:53,12148.92,1478.77,68.5,23,7,30,64.07,1922.1,89.0,27959.04,27959.04,2160.0,10670.15,2026-06-09,2026-07-09,False,leitura_ok
02/07/2026,13:49,12159.87,1489.72,69.0,23,7,30,64.09,1922.7,89.0,27959.04,27959.04,2160.0,10670.15,2026-06-09,2026-07-09,False,leitura_ok
02/07/2026,17:16,12172.55,1502.4,69.6,23,7,30,64.24,1927.2,89.2,27959.04,27959.04,2160.0,10670.15,2026-06-09,2026-07-09,False,leitura_ok
02/07/2026,21:05,12187.19,1517.04,70.2,23,7,30,64.43,1932.9,89.5,27959.04,27959.04,2160.0,10670.15,2026-06-09,2026-07-09,False,leitura_ok
03/07/2026,04:28,12209.65,1539.5,71.3,23,6,30,64.54,1936.2,89.6,27959.04,27959.04,2160.0,10670.15,2026-06-09,2026-07-09,False,leitura_ok
03/07/2026,07:39,12216.16,1546.01,71.6,23,6,30,64.45,1933.5,89.5,27959.04,27959.04,2160.0,10670.15,2026-06-09,2026-07-09,False,leitura_ok
03/07/2026,09:53,12221.39,1551.24,71.8,24,6,30,64.42,1932.6,89.5,27959.04,27959.04,2160.0,10670.15,2026-06-09,2026-07-09,False,leitura_ok
03/07/2026,13:24,12232.82,1562.67,72.3,24,6,30,64.51,1935.3,89.6,27959.04,27959.04,2160.0,10670.15,2026-06-09,2026-07-09,False,leitura_ok
03/07/2026,17:11,12244.37,1574.22,72.9,24,6,30,64.56,1936.8,89.7,27959.04,27959.04,2160.0,10670.15,2026-06-09,2026-07-09,False,leitura_ok
03/07/2026,21:04,12257.75,1587.6,73.5,24,6,30,64.68,1940.4,89.8,27959.04,27959.04,2160.0,10670.15,2026-06-09,2026-07-09,False,leitura_ok
04/07/2026,03:51,12274.24,1604.09,74.3,24,5,30,64.61,1938.3,89.7,27959.04,27959.04,2160.0,10670.15,2026-06-09,2026-07-09,False,leitura_ok
04/07/2026,07:14,12277.38,1607.23,74.4,24,5,30,64.37,1931.1,89.4,27959.04,27959.04,2160.0,10670.15,2026-06-09,2026-07-09,False,leitura_ok
04/07/2026,09:02,12281.39,1611.24,74.6,25,5,30,64.34,1930.2,89.4,27959.04,27959.04,2160.0,10670.15,2026-06-09,2026-07-09,False,leitura_ok
04/07/2026,13:02,12292.38,1622.23,75.1,25,5,30,64.35,1930.5,89.4,27959.04,27959.04,2160.0,10670.15,2026-06-09,2026-07-09,False,leitura_ok
04/07/2026,17:06,12305.86,1635.71,75.7,25,5,30,64.45,1933.5,89.5,27959.04,27959.04,2160.0,10670.15,2026-06-09,2026-07-09,False,leitura_ok
04/07/2026,21:01,12319.21,1649.06,76.3,25,5,30,64.56,1936.8,89.7,27959.04,27959.04,2160.0,10670.15,2026-06-09,2026-07-09,False,leitura_ok
05/07/2026,04:32,12338.0,1667.85,77.2,25,4,30,64.51,1935.3,89.6,27959.04,27959.04,2160.0,10670.15,2026-06-09,2026-07-09,False,leitura_ok
05/07/2026,07:18,12338.7,1668.55,77.2,25,4,30,64.25,1927.5,89.2,27959.04,27959.04,2160.0,10670.15,2026-06-09,2026-07-09,False,leitura_ok
05/07/2026,09:11,12342.2,1672.05,77.4,26,4,30,64.19,1925.7,89.2,27959.04,27959.04,2160.0,10670.15,2026-06-09,2026-07-09,False,leitura_ok
05/07/2026,13:09,12354.77,1684.62,78.0,26,4,30,64.26,1927.8,89.2,27959.04,27959.04,2160.0,10670.15,2026-06-09,2026-07-09,False,leitura_ok
05/07/2026,17:11,12371.02,1700.87,78.7,26,4,30,64.47,1934.1,89.5,27959.04,27959.04,2160.0,10670.15,2026-06-09,2026-07-09,False,leitura_ok
05/07/2026,21:06,12382.38,1712.23,79.3,26,4,30,64.5,1935.0,89.6,27959.04,27959.04,2160.0,10670.15,2026-06-09,2026-07-09,False,leitura_ok
06/07/2026,05:26,12402.4,1732.25,80.2,26,3,30,64.41,1932.3,89.5,27959.04,27959.04,2160.0,10670.15,2026-06-09,2026-07-09,False,leitura_ok
06/07/2026,09:07,12409.47,1739.32,80.5,27,3,30,64.31,1929.3,89.3,27959.04,27959.04,2160.0,10670.15,2026-06-09,2026-07-09,False,leitura_ok
06/07/2026,11:21,12414.61,1744.46,80.8,27,3,30,64.28,1928.4,89.3,27959.04,27959.04,2160.0,10670.15,2026-06-09,2026-07-09,False,leitura_ok
06/07/2026,14:43,12427.57,1757.42,81.4,27,3,30,64.42,1932.6,89.5,27959.04,27959.04,2160.0,10670.15,2026-06-09,2026-07-09,False,leitura_ok
06/07/2026,17:50,12438.6,1768.45,81.9,27,3,30,64.52,1935.6,89.6,27959.04,27959.04,2160.0,10670.15,2026-06-09,2026-07-09,False,leitura_ok
06/07/2026,21:08,12449.34,1779.19,82.4,27,3,30,64.59,1937.7,89.7,27959.04,27959.04,2160.0,10670.15,2026-06-09,2026-07-09,False,leitura_ok
07/07/2026,04:46,12472.23,1802.08,83.4,27,2,30,64.67,1940.1,89.8,27959.04,27959.04,2160.0,10670.15,2026-06-09,2026-07-09,False,leitura_ok
07/07/2026,08:11,12476.51,1806.36,83.6,28,2,30,64.49,1934.7,89.6,27959.04,27959.04,2160.0,10670.15,2026-06-09,2026-07-09,False,leitura_ok
07/07/2026,10:15,12483.76,1813.61,84.0,28,2,30,64.56,1936.8,89.7,27959.04,27959.04,2160.0,10670.15,2026-06-09,2026-07-09,False,leitura_ok
07/07/2026,11:50,12486.79,10.95,0.5,1,29,30,9.44,283.2,13.1,27959.04,27959.04,2160.0,12475.84,2026-07-06,2026-08-05,False,leitura_ok
07/07/2026,14:14,12494.18,88.49,4.1,1,29,30,70.24,2107.2,97.6,27959.04,27959.04,2160.0,12405.69,2026-07-06,2026-08-05,False,leitura_ok
07/07/2026,17:47,12506.25,100.56,4.7,1,29,30,71.42,2142.6,99.2,27959.04,27959.04,2160.0,12405.69,2026-07-06,2026-08-05,False,leitura_ok
07/07/2026,20:57,12517.46,111.77,5.2,1,29,30,72.58,2177.4,100.8,27959.04,32597.42,2160.0,12405.69,2026-07-06,2026-08-05,False,leitura_ok
08/07/2026,03:32,12533.06,127.37,5.9,1,28,30,70.2,2106.0,97.5,27959.04,27959.04,2160.0,12405.69,2026-07-06,2026-08-05,False,leitura_ok
08/07/2026,07:21,12540.15,134.46,6.2,1,28,30,68.14,2044.2,94.6,27959.04,27959.04,2160.0,12405.69,2026-07-06,2026-08-05,False,leitura_ok
08/07/2026,09:16,12543.8,138.11,6.4,2,28,30,67.27,2018.1,93.4,27959.04,27959.04,2160.0,12405.69,2026-07-06,2026-08-05,False,leitura_ok
08/07/2026,13:39,12558.49,152.8,7.1,2,28,30,68.35,2050.5,94.9,27959.04,27959.04,2160.0,12405.69,2026-07-06,2026-08-05,False,leitura_ok
08/07/2026,17:17,12570.54,164.85,7.6,2,28,30,69.06,2071.8,95.9,27959.04,27959.04,2160.0,12405.69,2026-07-06,2026-08-05,False,leitura_ok
08/07/2026,21:09,12581.34,175.65,8.1,2,28,30,68.92,2067.6,95.7,27959.04,27959.04,2160.0,12405.69,2026-07-06,2026-08-05,False,leitura_ok
09/07/2026,04:42,12599.84,194.15,9.0,2,27,30,67.82,2034.6,94.2,27959.04,27959.04,2160.0,12405.69,2026-07-06,2026-08-05,False,leitura_ok
09/07/2026,07:57,12603.65,197.96,9.2,2,27,30,66.03,1980.9,91.7,27959.04,27959.04,2160.0,12405.69,2026-07-06,2026-08-05,False,leitura_ok
09/07/2026,10:44,12610.16,204.47,9.5,3,27,30,65.65,1969.5,91.2,27959.04,27959.04,2160.0,12405.69,2026-07-06,2026-08-05,False,leitura_ok
09/07/2026,14:22,12622.48,216.79,10.0,3,27,30,66.39,1991.7,92.2,27959.04,27959.04,2160.0,12405.69,2026-07-06,2026-08-05,False,leitura_ok
09/07/2026,17:44,12635.23,229.54,10.6,3,27,30,67.39,2021.7,93.6,27959.04,27959.04,2160.0,12405.69,2026-07-06,2026-08-05,False,leitura_ok
09/07/2026,21:04,12648.24,242.55,11.2,3,27,30,68.42,2052.6,95.0,27959.04,27959.04,2160.0,12405.69,2026-07-06,2026-08-05,False,leitura_ok
10/07/2026,04:41,12667.54,261.85,12.1,3,26,30,67.8,2034.0,94.2,27959.04,27959.04,2160.0,12405.69,2026-07-06,2026-08-05,False,leitura_ok
10/07/2026,07:57,12672.08,266.39,12.3,3,26,30,66.62,1998.6,92.5,27959.04,27959.04,2160.0,12405.69,2026-07-06,2026-08-05,False,leitura_ok
10/07/2026,10:08,12678.27,272.58,12.6,4,26,30,66.66,1999.8,92.6,27959.04,27959.04,2160.0,12405.69,2026-07-06,2026-08-05,False,leitura_ok
10/07/2026,13:56,12690.87,285.18,13.2,4,26,30,67.14,2014.2,93.2,27959.04,27959.04,2160.0,12405.69,2026-07-06,2026-08-05,False,leitura_ok
10/07/2026,17:19,12702.02,296.33,13.7,4,26,30,67.52,2025.6,93.8,27959.04,27959.04,2160.0,12405.69,2026-07-06,2026-08-05,False,leitura_ok
10/07/2026,20:57,12714.97,309.28,14.3,4,26,30,68.12,2043.6,94.6,27959.04,27959.04,2160.0,12405.69,2026-07-06,2026-08-05,False,leitura_ok
11/07/2026,03:18,12738.58,332.89,15.4,4,25,30,69.28,2078.4,96.2,27959.04,27959.04,2160.0,12405.69,2026-07-06,2026-08-05,False,leitura_ok
11/07/2026,06:40,12739.86,334.17,15.5,4,25,30,67.58,2027.4,93.9,27959.04,27959.04,2160.0,12405.69,2026-07-06,2026-08-05,False,leitura_ok
